BID,Project,Product_Code,WBS,Status,Bug_hours,Created,Updated
1,02392,WCS,1.3.3.x.2.y.1,C,21,2016/09/08 11:28,2016/09/20 10:11
2,02367,WCS,1.3.3.x.3.y.1,C,4,2016/09/07 07:43,2016/09/14 08:30
3,02367,WCS,1.3.3.x.2.y.1,C,19,2016/09/06 13:15,2016/09/15 10:28
4,02392,WCS,1.3.3.x.3.y.1,C,12,2016/09/06 10:19,2016/09/14 14:29
5,02392,WCS,1.3.3.x.3.y.1,C,4,2016/08/23 16:47,2016/09/06 15:49
6,02392,WCS,1.3.3.x.2.y.1,C,18,2016/08/09 16:48,2016/08/25 16:07
7,02392,WCS,1.3.3.x.2.y.1,C,10,2016/08/09 12:42,2016/08/30 17:34
8,02392,WCS,1.3.1.x.y.1.1,C,20,2016/08/01 17:24,2016/09/06 15:51
9,02247,WCS,1.3.3.x.3.y.1,C,19,2016/07/26 15:13,2016/08/31 11:17
10,02392,WCS,1.3.3.x.3.y.1,C,7,2016/07/26 14:01,2016/08/26 14:44
11,02247,WCS,1.3.3.x.2.y.1,C,18,2016/07/26 10:28,2016/09/06 15:27
12,02392,WCS,1.3.3.x.3.y.1,C,18,2016/07/26 10:22,2016/09/06 15:22
13,02392,WCS,1.3.3.x.3.y.1,C,21,2016/07/25 14:49,2016/08/26 14:54
14,02392,WCS,1.2.x.y.1.1,C,16,2016/07/25 12:31,2016/07/28 10:54
15,02471,WCS,1.3.3.x.3.y.1,C,13,2016/06/27 16:45,2016/07/22 12:24
16,02471,WCS,1.3.3.x.2.y.1,C,13,2016/07/01 10:42,2016/09/02 16:21
17,02471,WCS,1.3.3.x.2.y.1,C,15,2016/06/30 16:15,2016/08/01 16:19
18,02247,WCS,1.3.3.x.3.y.1,C,7,2016/06/28 14:53,2016/08/31 12:00
19,02471,WCS,1.3.3.x.3.y.1,C,20,2016/06/24 15:08,2016/07/14 13:04
20,02392,WCS,1.3.3.x.2.y.1,C,6,2016/06/22 09:03,2016/08/30 16:45
21,02392,WCS,1.3.3.x.2.y.1,C,19,2016/06/22 08:57,2016/08/30 16:42
22,02392,WCS,1.3.3.x.2.y.1,C,22,2016/06/14 10:20,2016/09/01 15:04
23,02392,WCS,1.3.3.x.2.y.1,C,5,2016/06/14 10:17,2016/09/01 15:00
24,02392,WCS,1.3.3.x.2.y.1,C,7,2016/06/14 09:37,2016/08/01 13:09
25,02392,WCS,1.3.3.x.2.y.1,C,8,2016/06/13 08:13,2016/09/01 14:56
26,02392,WCS,1.3.3.x.2.y.1,C,22,2016/06/13 08:07,2016/08/30 16:20
27,02392,WCS,1.3.3.x.3.y.1,C,18,2016/06/13 08:03,2016/06/20 14:16
28,02392,WCS,1.3.3.x.3.y.1,C,4,2016/05/31 11:29,2016/09/06 15:24
29,02392,WCS,1.3.3.x.3.y.1,C,1,2016/05/27 15:08,2016/06/20 16:09
30,02392,WCS,1.3.1.x.y.1.1,C,19,2016/05/27 15:07,2016/06/20 15:49
31,02471,WCS,1.3.3.x.2.y.1,C,2,2016/05/25 14:13,2016/09/02 16:24
32,02471,WCS,1.3.3.x.3.y.1,C,9,2016/05/25 14:11,2016/09/08 08:02
33,02471,WCS,1.3.3.x.3.y.1,C,16,2016/05/25 14:08,2016/09/02 16:20
34,02471,WCS,1.3.3.x.2.y.1,C,10,2016/05/25 14:06,2016/09/02 16:20
35,02247,WCS,1.5.x.y.3,C,17,2016/05/24 15:24,2016/09/21 12:42
36,02247,WCS,1.3.3.x.3.y.1,C,18,2016/05/24 15:23,2016/09/07 15:31
37,02392,WCS,1.3.3.x.2.y.1,C,8,2016/05/24 15:06,2016/09/02 11:34
38,02392,WCS,1.3.3.x.2.y.1,C,3,2016/05/24 15:05,2016/08/01 13:13
39,02392,WCS,1.3.3.x.2.y.1,C,17,2016/05/24 14:56,2016/09/01 14:49
40,02392,WCS,1.3.3.x.3.y.1,C,2,2016/05/24 14:55,2016/08/30 15:59
41,02392,WCS,1.3.3.x.3.y.1,C,11,2016/05/24 14:53,2016/09/01 14:48
42,02392,WCS,1.3.3.x.3.y.1,C,9,2016/05/24 10:00,2016/06/30 10:34
43,02392,WCS,1.3.3.x.2.y.1,C,1,2016/05/23 15:26,2016/06/21 14:53
44,02471,WCS,1.3.3.x.3.y.1,C,20,2016/05/20 11:59,2016/06/21 10:51
45,02471,WCS,1.3.3.x.2.y.1,C,8,2016/05/19 11:22,2016/09/02 16:23
46,02471,WCS,1.3.3.x.2.y.1,C,18,2016/05/19 11:21,2016/09/02 16:22
47,02471,WCS,1.3.3.x.3.y.1,C,2,2016/05/19 11:20,2016/09/02 16:14
48,02471,WCS,1.3.3.x.3.y.1,C,14,2016/05/19 11:20,2016/09/02 16:16
49,02471,WCS,1.3.3.x.3.y.1,C,10,2016/05/19 11:18,2016/09/02 15:52
50,02471,WCS,1.3.3.x.3.y.1,C,20,2016/05/19 11:17,2016/09/02 16:19
51,02471,WCS,1.3.3.x.2.y.1,C,12,2016/05/19 11:16,2016/09/02 16:15
52,02471,WCS,1.3.3.x.2.y.1,C,13,2016/05/18 16:14,2016/06/21 10:32
53,02392,WCS,1.3.3.x.2.y.1,C,20,2016/05/18 11:33,2016/06/21 14:46
54,02471,WCS,1.3.3.x.2.y.1,C,18,2016/05/18 08:22,2016/06/15 16:47
55,02392,WCS,1.5.x.y.3,C,16,2016/05/13 15:56,2016/09/21 12:20
56,02367,WCS,1.3.3.x.2.y.1,C,2,2016/05/12 16:08,2016/09/08 16:00
57,02367,WCS,1.3.3.x.3.y.1,C,16,2016/05/12 13:56,2016/08/24 16:35
58,02367,WCS,1.3.3.x.3.y.1,C,10,2016/05/12 13:56,2016/08/16 17:20
59,02367,WCS,1.3.3.x.3.y.1,C,5,2016/05/12 13:50,2016/07/27 16:35
60,02367,WCS,1.3.3.x.3.y.1,C,1,2016/05/12 13:50,2016/06/30 10:31
61,02392,WCS,1.3.3.x.2.y.1,C,16,2016/05/12 11:33,2016/09/07 15:27
62,02392,WCS,1.3.3.x.2.y.1,C,6,2016/05/12 11:33,2016/08/24 16:34
63,02392,WCS,1.2.x.y.1.1,C,10,2016/05/12 11:32,2016/08/10 15:12
64,02392,WCS,1.3.3.x.2.y.1,C,16,2016/05/12 11:31,2016/07/27 15:27
65,02392,WCS,1.3.3.x.2.y.1,C,1,2016/05/12 11:31,2016/07/26 14:30
66,02392,WCS,1.3.1.x.y.1.1,C,7,2016/05/12 11:30,2016/06/30 10:31
67,02392,WCS,1.1.2.x.y.1,C,21,2016/05/12 11:29,2016/06/20 10:49
68,02433,WCS,1.3.3.x.2.y.1,C,3,2016/05/12 11:20,2016/07/27 16:34
69,02367,WCS,1.3.3.x.3.y.1,C,10,2016/05/11 18:47,2016/09/07 15:30
70,02367,WCS,1.3.3.x.2.y.1,C,6,2016/05/11 18:46,2016/08/02 11:49
71,02367,WCS,1.3.3.x.2.y.1,C,22,2016/05/11 18:45,2016/08/09 09:35
72,02392,WCS,1.3.3.x.2.y.1,C,5,2016/05/11 16:08,2016/09/07 15:27
73,02392,WCS,1.3.3.x.2.y.1,C,22,2016/05/11 16:07,2016/08/24 16:34
74,02392,WCS,1.3.3.x.2.y.1,C,3,2016/05/11 16:06,2016/07/27 15:28
75,02392,WCS,1.3.3.x.2.y.1,C,14,2016/05/11 16:04,2016/06/21 13:41
76,02392,WCS,1.3.3.x.2.y.1,C,4,2016/05/11 16:04,2016/06/17 11:53
77,02392,WCS,1.3.3.x.3.y.1,C,1,2016/05/11 16:01,2016/06/16 16:33
78,02471,WCS,1.3.3.x.2.y.1,C,8,2016/05/11 15:33,2016/08/02 17:49
79,02247,WCS,1.3.3.x.3.y.1,C,2,2016/05/11 15:20,2016/08/31 11:28
80,02247,WCS,1.3.3.x.3.y.1,C,7,2016/05/11 14:46,2016/08/31 08:53
81,02367,WCS,1.3.3.x.2.y.1,C,10,2016/05/11 13:11,2016/08/16 17:18
82,02367,WCS,1.3.3.x.2.y.1,C,10,2016/05/11 13:08,2016/06/17 11:53
83,02392,WCS,1.3.3.x.2.y.1,C,21,2016/05/11 12:39,2016/09/13 15:17
84,02392,WCS,1.3.3.x.2.y.1,C,17,2016/05/11 12:38,2016/09/06 13:08
85,02392,WCS,1.3.3.x.2.y.1,C,10,2016/05/11 12:37,2016/08/03 11:27
86,02392,WCS,1.3.3.x.3.y.1,C,8,2016/05/11 12:32,2016/06/21 08:19
87,02392,WCS,1.3.3.x.2.y.1,C,10,2016/05/11 12:30,2016/06/17 11:52
88,02392,WCS,1.3.3.x.3.y.1,C,2,2016/05/11 12:23,2016/09/21 16:12
89,02392,WCS,1.3.3.x.3.y.1,C,13,2016/05/11 12:20,2016/09/22 13:17
90,02471,WCS,1.3.3.x.2.y.1,C,18,2016/05/11 11:45,2016/07/25 11:14
91,02367,WCS,1.3.3.x.2.y.1,C,16,2016/05/11 11:27,2016/09/27 10:42
92,02367,WCS,1.3.3.x.3.y.1,C,12,2016/05/11 11:20,2016/06/16 16:46
93,02392,WCS,1.3.3.x.3.y.1,C,14,2016/05/11 09:44,2016/09/07 15:28
94,02392,WCS,1.3.3.x.2.y.1,C,15,2016/05/11 09:44,2016/08/30 17:55
95,02392,WCS,1.3.3.x.2.y.1,C,1,2016/05/11 09:43,2016/07/27 15:28
96,02392,WCS,1.3.3.x.2.y.1,C,13,2016/05/11 09:43,2016/07/26 13:55
97,02392,WCS,1.3.3.x.3.y.1,C,1,2016/05/11 09:43,2016/06/30 10:34
98,02433,WCS,1.1.1.x.1.1,C,15,2016/05/11 08:54,2016/06/30 10:30
99,02392,WCS,1.3.3.x.3.y.1,C,8,2016/05/10 15:57,2016/06/21 08:20
100,02471,WCS,1.3.3.x.2.y.1,C,3,2016/04/27 09:39,2016/09/02 16:18
101,02471,WCS,1.3.3.x.2.y.1,C,6,2016/04/27 09:37,2016/09/06 15:14
102,02471,WCS,1.3.3.x.2.y.1,C,13,2016/04/27 09:36,2016/09/02 16:09
103,02392,WCS,1.3.3.x.2.y.1,C,1,2016/04/27 09:04,2016/08/30 15:43
104,02392,WCS,1.3.3.x.2.y.1,C,15,2016/04/27 08:55,2016/08/31 09:06
105,02392,WCS,1.3.3.x.2.y.1,C,20,2016/04/19 10:46,2016/08/30 15:31
106,02471,WCS,1.3.3.x.2.y.1,C,15,2016/04/18 10:21,2016/09/02 15:50
107,02392,WCS,1.3.3.x.2.y.1,C,12,2016/04/18 09:25,2016/06/21 15:47
108,02392,WCS,1.3.3.x.3.y.1,C,5,2016/04/18 09:23,2016/06/16 15:57
109,02471,WCS,1.3.3.x.2.y.1,C,2,2016/04/13 13:16,2016/09/08 08:02
110,02247,WCS,1.3.3.x.3.y.1,C,20,2016/04/11 11:32,2016/06/16 16:39
111,02305,WCS,1.3.3.x.2.y.1,C,17,2016/08/15 11:27,2016/08/31 16:35
112,02305,WCS,1.3.3.x.2.y.1,C,7,2016/08/09 10:15,2016/08/19 15:25
113,02305,WCS,1.3.3.x.2.y.1,C,5,2016/08/02 10:05,2016/08/19 15:25
114,02367,SPY  ,1.3.3.x.3.y.1,C,5,2016/09/06 17:27,2016/09/06 17:28
115,02392,SPY  ,1.5.x.y.3,C,16,2016/09/02 08:35,2016/09/07 11:30
116,02247,SPY  ,1.3.3.x.2.y.1,C,22,2016/09/01 20:43,2016/10/05 10:32
117,02247,SPY  ,1.3.3.x.3.y.1,C,18,2016/09/01 20:43,2016/09/27 11:34
118,02247,SPY  ,1.5.x.y.3,C,6,2016/09/01 20:43,2016/09/23 20:12
119,02392,SPY  ,1.3.3.x.3.y.1,C,22,2016/09/01 20:42,2016/09/27 15:48
120,02471,SPY  ,1.3.3.x.2.y.1,C,15,2016/09/01 20:41,2016/10/05 21:03
121,02247,SPY  ,1.3.3.x.2.y.1,C,22,2016/09/01 20:38,2016/09/30 19:29
122,02247,SPY  ,1.3.3.x.3.y.1,C,16,2016/09/01 20:38,2016/09/21 09:10
123,02247,SPY  ,1.3.3.x.3.y.1,C,14,2016/09/01 20:38,2016/09/29 20:32
124,02247,SPY  ,1.3.1.x.y.1.1,C,12,2016/09/01 20:38,2016/09/27 15:45
125,02247,SPY  ,1.3.3.x.2.y.1,C,21,2016/09/01 20:38,2016/09/15 17:47
126,02247,SPY  ,1.3.3.x.2.y.1,C,6,2016/09/01 20:38,2016/09/23 20:14
127,02247,SPY  ,1.3.3.x.3.y.1,C,4,2016/09/01 20:38,2016/09/23 20:13
128,02247,SPY  ,1.3.3.x.3.y.1,C,15,2016/09/01 20:38,2016/09/20 19:22
129,02247,SPY  ,1.3.3.x.2.y.1,C,16,2016/09/01 20:38,2016/09/21 11:52
130,02247,SPY  ,1.3.3.x.3.y.1,C,5,2016/09/01 20:38,2016/09/20 19:21
131,02247,SPY  ,1.3.3.x.2.y.1,C,9,2016/09/01 20:38,2016/09/19 11:26
132,02247,SPY  ,1.3.3.x.2.y.1,C,10,2016/09/01 20:38,2016/09/21 11:50
133,02247,SPY  ,1.3.3.x.2.y.1,C,17,2016/09/01 20:38,2016/09/29 14:33
134,02247,SPY  ,1.3.3.x.2.y.1,C,21,2016/09/01 20:38,2016/09/23 20:13
135,02247,SPY  ,1.3.3.x.2.y.1,C,9,2016/09/01 20:38,2016/09/19 11:26
136,02247,SPY  ,1.3.3.x.2.y.1,C,2,2016/09/01 20:38,2016/09/15 17:46
137,02247,SPY  ,1.3.3.x.2.y.1,C,1,2016/09/01 20:38,2016/09/21 11:49
138,02471,SPY  ,1.3.3.x.2.y.1,C,4,2016/08/24 11:01,2016/08/31 20:55
139,02392,SPY  ,1.3.3.x.2.y.1,C,10,2016/08/23 22:56,2016/10/05 20:58
140,02392,SPY  ,1.3.3.x.2.y.1,C,8,2016/08/23 22:56,2016/10/05 20:57
141,02392,SPY  ,1.5.x.y.3,C,5,2016/08/23 22:55,2016/10/04 12:21
142,02392,SPY  ,1.3.3.x.3.y.1,C,1,2016/08/23 22:55,2016/10/05 11:40
143,02367,SPY  ,1.3.3.x.2.y.1,C,15,2016/08/23 22:55,2016/09/23 20:15
144,02392,SPY  ,1.3.3.x.2.y.1,C,5,2016/08/23 22:54,2016/09/07 10:56
145,02392,SPY  ,1.3.3.x.2.y.1,C,2,2016/08/23 22:54,2016/09/09 21:37
146,02392,SPY  ,1.3.3.x.2.y.1,C,5,2016/08/23 22:54,2016/09/07 11:15
147,02247,SPY  ,1.3.3.x.2.y.1,C,3,2016/08/23 22:54,2016/09/06 12:10
148,02247,SPY  ,1.3.3.x.2.y.1,C,3,2016/08/23 14:50,2016/09/23 20:16
149,02247,SPY  ,1.5.x.y.3,C,14,2016/08/23 11:22,2016/09/23 20:11
150,02471,SPY  ,1.3.3.x.3.y.1,C,9,2016/08/23 09:26,2016/09/07 11:31
151,02392,SPY  ,1.3.3.x.3.y.1,C,4,2016/08/18 15:21,2016/09/15 16:55
152,02471,SPY  ,1.3.3.x.2.y.1,C,21,2016/08/18 15:21,2016/10/03 10:41
153,02392,SPY  ,1.3.3.x.3.y.1,C,17,2016/08/18 15:18,2016/09/06 14:48
154,02367,SPY  ,1.3.3.x.2.y.1,C,8,2016/08/11 17:36,2016/08/31 17:27
155,02367,SPY  ,1.2.x.y.3.1,C,21,2016/08/11 17:34,2016/08/31 17:39
156,02367,SPY  ,1.3.3.x.2.y.1,C,12,2016/08/11 15:19,2016/08/31 17:27
157,02367,SPY  ,1.3.3.x.3.y.1,C,12,2016/08/11 15:16,2016/09/01 12:51
158,02471,SPY  ,1.3.3.x.3.y.1,C,15,2016/08/11 07:22,2016/09/20 15:53
159,02471,SPY  ,1.3.3.x.3.y.1,C,17,2016/08/10 18:41,2016/08/31 17:32
160,02392,SPY  ,1.3.3.x.2.y.1,C,8,2016/08/10 11:41,2016/09/13 13:05
161,02392,SPY  ,1.3.3.x.3.y.1,C,3,2016/08/10 11:40,2016/08/31 17:26
162,02471,SPY  ,1.3.3.x.2.y.1,C,4,2016/08/10 10:05,2016/09/14 20:21
163,02471,SPY  ,1.3.3.x.3.y.1,C,9,2016/08/10 09:59,2016/08/31 17:32
164,02247,SPY  ,1.5.x.y.3,C,22,2016/08/09 18:24,2016/09/07 11:27
165,02392,SPY  ,1.3.3.x.3.y.1,C,11,2016/08/09 12:13,2016/08/31 17:27
166,02471,SPY  ,1.3.3.x.3.y.1,C,14,2016/08/09 09:56,2016/09/06 14:31
167,02471,SPY  ,1.5.x.y.3,C,18,2016/08/03 13:01,2016/09/01 11:46
168,02367,SPY  ,1.3.3.x.2.y.1,C,1,2016/07/29 17:46,2016/08/31 17:32
169,02392,SPY  ,1.5.x.y.3,C,9,2016/07/27 14:52,2016/09/16 20:28
170,02247,SPY  ,1.3.3.x.3.y.1,C,17,2016/07/26 19:27,2016/09/14 18:40
171,02433,SPY  ,1.3.3.x.2.y.1,C,22,2016/07/21 20:03,2016/08/31 17:26
172,02471,SPY  ,1.3.3.x.3.y.1,C,12,2016/07/19 23:59,2016/08/31 17:32
173,02392,SPY  ,1.3.3.x.2.y.1,C,19,2016/07/19 23:58,2016/08/31 17:26
174,02392,SPY  ,1.3.3.x.3.y.1,C,20,2016/07/19 23:58,2016/08/31 17:26
175,02392,SPY  ,1.3.3.x.3.y.1,C,1,2016/07/19 23:58,2016/09/14 20:18
176,02392,SPY  ,1.3.3.x.3.y.1,C,6,2016/07/19 23:58,2016/09/06 14:36
177,02392,SPY  ,1.3.3.x.2.y.1,C,13,2016/07/19 23:58,2016/08/31 17:26
178,02367,SPY  ,1.5.x.y.3,C,1,2016/07/19 23:58,2016/09/20 15:47
179,02392,SPY  ,1.3.3.x.2.y.1,C,7,2016/07/19 23:58,2016/08/31 17:25
180,02247,SPY  ,1.3.3.x.2.y.1,C,1,2016/07/19 23:57,2016/08/31 17:16
181,02247,SPY  ,1.3.3.x.2.y.1,C,8,2016/07/19 23:57,2016/08/31 17:16
182,02247,SPY  ,1.3.3.x.3.y.1,C,5,2016/07/19 23:57,2016/09/02 12:26
183,02247,SPY  ,1.3.3.x.2.y.1,C,16,2016/07/19 23:57,2016/09/21 11:54
184,02247,SPY  ,1.3.3.x.3.y.1,C,17,2016/07/19 23:57,2016/08/31 17:17
185,02247,SPY  ,1.3.3.x.2.y.1,C,8,2016/07/19 23:57,2016/08/31 17:16
186,02247,SPY  ,1.7.x.1,C,12,2016/07/19 23:57,2016/08/31 17:16
187,02247,SPY  ,1.3.3.x.3.y.1,C,4,2016/07/19 23:57,2016/09/06 14:37
188,02247,SPY  ,1.3.3.x.3.y.1,C,9,2016/07/19 23:57,2016/10/03 22:33
189,02247,SPY  ,1.3.3.x.2.y.1,C,4,2016/07/19 23:57,2016/09/29 20:30
190,02247,SPY  ,1.3.3.x.3.y.1,C,20,2016/07/19 23:57,2016/09/14 20:18
191,02247,SPY  ,1.3.3.x.3.y.1,C,17,2016/07/19 23:57,2016/09/14 20:19
192,02247,SPY  ,1.7.x.1,C,7,2016/07/19 23:57,2016/08/31 17:16
193,02433,SPY  ,1.3.3.x.3.y.1,C,5,2016/07/19 23:57,2016/09/16 20:26
194,02433,SPY  ,1.3.3.x.2.y.1,C,15,2016/07/19 23:57,2016/09/16 14:14
195,02247,SPY  ,1.7.x.1,C,8,2016/07/19 23:57,2016/08/31 17:16
196,02392,SPY  ,1.3.3.x.2.y.1,C,17,2016/07/19 10:18,2016/08/31 17:27
197,02247,SPY  ,1.2.x.y.3.1,C,3,2016/07/14 13:24,2016/08/31 17:41
198,02247,SPY  ,1.3.3.x.2.y.1,C,16,2016/07/14 01:15,2016/08/31 17:17
199,02247,SPY  ,1.3.3.x.2.y.1,C,6,2016/07/14 00:28,2016/08/31 17:17
200,02247,SPY  ,1.7.x.1,C,8,2016/07/14 00:18,2016/08/31 17:16
201,02247,SPY  ,1.3.3.x.2.y.1,C,8,2016/07/13 22:57,2016/09/07 11:25
202,02247,SPY  ,1.3.3.x.3.y.1,C,4,2016/07/11 11:37,2016/08/31 17:41
203,02471,SPY  ,1.3.3.x.2.y.1,C,15,2016/07/08 20:15,2016/08/31 17:26
204,02471,SPY  ,1.3.3.x.2.y.1,C,12,2016/07/08 20:15,2016/08/31 17:26
205,02392,SPY  ,1.3.3.x.2.y.1,C,20,2016/07/08 20:15,2016/08/31 17:26
206,02392,SPY  ,1.3.3.x.2.y.1,C,22,2016/07/08 20:15,2016/08/31 17:26
207,02392,SPY  ,1.3.3.x.3.y.1,C,7,2016/07/08 20:15,2016/08/31 17:27
208,02392,SPY  ,1.3.3.x.3.y.1,C,18,2016/07/08 20:15,2016/08/31 17:26
209,02392,SPY  ,1.2.x.y.3.1,C,16,2016/07/08 20:15,2016/08/31 17:26
210,02367,SPY  ,1.3.3.x.3.y.1,C,12,2016/07/08 20:15,2016/09/06 14:50
211,02392,SPY  ,1.2.x.y.3.1,C,22,2016/07/08 20:15,2016/08/31 17:27
212,02392,SPY  ,1.3.3.x.2.y.1,C,19,2016/07/08 20:15,2016/08/31 17:27
213,02392,SPY  ,1.3.3.x.2.y.1,C,5,2016/07/08 20:15,2016/08/31 17:26
214,02392,SPY  ,1.3.3.x.2.y.1,C,9,2016/07/08 20:15,2016/08/31 17:26
215,02392,SPY  ,1.3.3.x.2.y.1,C,2,2016/07/08 20:15,2016/08/31 17:25
216,02392,SPY  ,1.3.3.x.2.y.1,C,2,2016/07/08 20:15,2016/08/31 17:26
217,02392,SPY  ,1.3.3.x.2.y.1,C,18,2016/07/08 20:15,2016/08/31 17:27
218,02392,SPY  ,1.3.3.x.2.y.1,C,13,2016/07/08 20:15,2016/08/31 17:26
219,02392,SPY  ,1.3.3.x.3.y.1,C,22,2016/07/08 20:15,2016/08/31 17:25
220,02392,SPY  ,1.3.3.x.2.y.1,C,16,2016/07/08 20:15,2016/08/31 17:27
221,02367,SPY  ,1.3.3.x.3.y.1,C,12,2016/07/08 20:15,2016/08/31 17:27
222,02471,SPY  ,1.3.3.x.3.y.1,C,7,2016/07/08 20:14,2016/08/31 17:32
223,02471,SPY  ,1.3.3.x.2.y.1,C,12,2016/07/08 20:14,2016/08/31 17:31
224,02247,SPY  ,1.7.x.1,C,22,2016/07/08 20:13,2016/08/31 17:16
225,02247,SPY  ,1.3.3.x.2.y.1,C,8,2016/07/08 20:13,2016/08/31 17:17
226,02247,SPY  ,1.3.3.x.2.y.1,C,2,2016/06/30 18:34,2016/08/31 17:41
227,02247,SPY  ,1.3.3.x.2.y.1,C,4,2016/06/30 18:32,2016/08/31 17:41
228,02471,SPY  ,1.3.3.x.2.y.1,C,10,2016/06/29 16:51,2016/08/31 17:32
229,02471,SPY  ,1.2.x.y.3.1,C,4,2016/06/29 07:55,2016/08/31 17:31
230,02367,SPY  ,1.3.3.x.2.y.1,C,12,2016/06/28 23:23,2016/09/06 14:28
231,02433,SPY  ,1.3.3.x.2.y.1,C,13,2016/06/28 23:23,2016/10/05 17:00
232,02392,SPY  ,1.3.3.x.2.y.1,C,9,2016/06/28 23:23,2016/09/19 11:26
233,02392,SPY  ,1.5.x.y.3,C,1,2016/06/28 23:23,2016/09/20 14:31
234,02392,SPY  ,1.3.3.x.2.y.1,C,10,2016/06/28 23:23,2016/08/31 17:26
235,02392,SPY  ,1.2.x.y.3.1,C,18,2016/06/28 23:23,2016/08/31 17:26
236,02392,SPY  ,1.3.3.x.3.y.1,C,12,2016/06/28 23:23,2016/08/31 17:26
237,02367,SPY  ,1.3.3.x.2.y.1,C,6,2016/06/28 23:23,2016/08/31 17:26
238,02471,SPY  ,1.3.3.x.2.y.1,C,20,2016/06/28 23:23,2016/08/31 17:26
239,02367,SPY  ,1.3.3.x.3.y.1,C,9,2016/06/28 23:23,2016/08/31 17:27
240,02471,SPY  ,1.3.3.x.2.y.1,C,22,2016/06/28 23:22,2016/08/31 17:32
241,02471,SPY  ,1.3.3.x.2.y.1,C,2,2016/06/28 23:22,2016/08/31 17:32
242,02471,SPY  ,1.3.3.x.2.y.1,C,3,2016/06/28 23:22,2016/08/31 17:32
243,02471,SPY  ,1.3.3.x.3.y.1,C,5,2016/06/28 23:21,2016/08/31 17:32
244,02471,SPY  ,1.2.x.y.3.1,C,16,2016/06/28 23:21,2016/08/31 17:32
245,02367,SPY  ,1.3.3.x.2.y.1,C,6,2016/06/28 23:21,2016/08/31 17:32
246,02433,SPY  ,1.3.3.x.2.y.1,C,6,2016/06/28 23:20,2016/09/21 11:53
247,02392,SPY  ,1.3.3.x.2.y.1,C,5,2016/06/28 15:59,2016/08/31 17:27
248,02392,SPY  ,1.3.3.x.2.y.1,C,8,2016/06/28 15:57,2016/08/31 17:26
249,02471,SPY  ,1.2.x.y.3.1,C,18,2016/06/24 13:33,2016/08/31 17:32
250,02392,SPY  ,1.3.3.x.2.y.1,C,15,2016/06/23 15:09,2016/08/31 17:27
251,02247,SPY  ,1.7.x.1,C,4,2016/06/20 19:15,2016/08/31 17:16
252,02247,SPY  ,1.3.3.x.2.y.1,C,22,2016/06/20 19:13,2016/08/31 17:41
253,02392,SPY  ,1.3.3.x.2.y.1,C,11,2016/06/20 16:59,2016/08/31 17:35
254,02471,SPY  ,1.2.x.y.3.1,C,10,2016/06/16 12:35,2016/08/31 17:31
255,02471,SPY  ,1.2.x.y.3.1,C,5,2016/06/16 12:35,2016/08/31 17:32
256,02247,SPY  ,1.3.3.x.2.y.1,C,16,2016/06/16 12:35,2016/08/31 17:41
257,02367,SPY  ,1.3.3.x.3.y.1,C,8,2016/06/16 12:35,2016/08/31 17:16
258,02247,SPY  ,1.3.3.x.2.y.1,C,11,2016/06/15 23:39,2016/08/31 17:16
259,02247,SPY  ,1.3.3.x.2.y.1,C,19,2016/06/15 23:39,2016/08/31 17:17
260,02247,SPY  ,1.3.3.x.2.y.1,C,13,2016/06/15 23:39,2016/08/31 17:17
261,02247,SPY  ,1.3.3.x.3.y.1,C,12,2016/06/15 23:39,2016/08/31 17:17
262,02247,SPY  ,1.7.x.1,C,14,2016/06/15 23:39,2016/08/31 17:17
263,02247,SPY  ,1.3.3.x.2.y.1,C,22,2016/06/15 23:38,2016/08/31 17:41
264,02247,SPY  ,1.3.3.x.3.y.1,C,18,2016/06/15 23:38,2016/08/31 17:41
265,02247,SPY  ,1.3.3.x.3.y.1,C,12,2016/06/15 23:38,2016/08/31 17:41
266,02247,SPY  ,1.3.3.x.3.y.1,C,19,2016/06/15 23:38,2016/08/31 17:41
267,02247,SPY  ,1.3.3.x.3.y.1,C,20,2016/06/15 23:38,2016/08/31 17:41
268,02367,SPY  ,1.3.3.x.2.y.1,C,1,2016/06/10 20:45,2016/10/05 21:01
269,02367,SPY  ,1.3.3.x.2.y.1,C,19,2016/06/10 20:45,2016/10/12 15:11
270,02392,SPY  ,1.3.3.x.2.y.1,C,20,2016/06/10 20:44,2016/08/31 17:35
271,02392,SPY  ,1.3.3.x.2.y.1,C,12,2016/06/10 20:44,2016/08/31 17:35
272,02392,SPY  ,1.3.3.x.2.y.1,C,18,2016/06/10 20:43,2016/08/31 17:25
273,02392,SPY  ,1.3.3.x.2.y.1,C,22,2016/06/10 20:43,2016/08/31 17:26
274,02367,SPY  ,1.3.3.x.3.y.1,C,16,2016/06/10 20:43,2016/08/31 17:26
275,02392,SPY  ,1.3.3.x.2.y.1,C,20,2016/06/10 20:43,2016/08/31 17:26
276,02367,SPY  ,1.3.3.x.2.y.1,C,13,2016/06/10 20:43,2016/08/31 17:26
277,02471,SPY  ,1.3.3.x.2.y.1,C,11,2016/06/10 20:43,2016/09/20 16:43
278,02367,SPY  ,1.3.3.x.2.y.1,C,6,2016/06/10 20:43,2016/10/12 14:54
279,02392,SPY  ,1.3.3.x.2.y.1,C,3,2016/06/10 20:43,2016/08/31 17:25
280,02247,SPY  ,1.3.3.x.2.y.1,C,12,2016/06/10 20:42,2016/08/31 17:17
281,02247,SPY  ,1.3.3.x.3.y.1,C,18,2016/06/10 20:42,2016/10/05 11:50
282,02247,SPY  ,1.3.3.x.3.y.1,C,14,2016/06/10 20:42,2016/10/05 11:49
283,02247,SPY  ,1.3.3.x.2.y.1,C,21,2016/06/10 20:42,2016/08/31 17:16
284,02247,SPY  ,1.5.x.y.3,C,18,2016/06/10 20:42,2016/09/06 14:45
285,02247,SPY  ,1.3.3.x.2.y.1,C,10,2016/06/10 20:42,2016/08/31 17:16
286,02247,SPY  ,1.3.3.x.2.y.1,C,19,2016/06/10 20:42,2016/08/31 17:16
287,02247,SPY  ,1.7.x.1,C,4,2016/06/10 20:42,2016/08/31 17:16
288,02247,SPY  ,1.3.3.x.2.y.1,C,7,2016/06/10 20:42,2016/08/31 17:17
289,02392,SPY  ,1.3.3.x.3.y.1,C,21,2016/06/10 20:42,2016/08/31 17:17
290,02367,SPY  ,1.3.3.x.3.y.1,C,10,2016/06/10 20:42,2016/08/31 17:16
291,02247,SPY  ,1.3.3.x.3.y.1,C,22,2016/06/09 22:50,2016/08/31 17:41
292,02247,SPY  ,1.3.3.x.3.y.1,C,5,2016/06/09 22:50,2016/08/31 17:41
293,02247,SPY  ,1.3.3.x.3.y.1,C,22,2016/06/09 22:50,2016/08/31 17:41
294,02247,SPY  ,1.3.3.x.3.y.1,C,1,2016/06/09 22:50,2016/08/31 17:41
295,02247,SPY  ,1.3.3.x.2.y.1,C,11,2016/06/09 22:50,2016/08/31 17:41
296,02247,SPY  ,1.3.3.x.2.y.1,C,7,2016/06/09 22:50,2016/08/31 17:41
297,02247,SPY  ,1.3.3.x.2.y.1,C,15,2016/06/09 22:50,2016/08/31 17:41
298,02247,SPY  ,1.3.3.x.2.y.1,C,6,2016/06/09 22:50,2016/08/31 17:41
299,02247,SPY  ,1.3.3.x.2.y.1,C,12,2016/06/09 22:50,2016/08/31 17:41
300,02247,SPY  ,1.3.3.x.3.y.1,C,6,2016/06/09 22:50,2016/08/31 17:41
301,02392,SPY  ,1.3.3.x.3.y.1,C,6,2016/06/09 22:50,2016/08/31 17:41
302,02247,SPY  ,1.5.x.y.3,C,10,2016/06/09 22:50,2016/08/31 17:41
303,02247,SPY  ,1.5.x.y.3,C,20,2016/06/09 22:50,2016/08/31 17:41
304,02367,SPY  ,1.3.3.x.3.y.1,C,9,2016/06/09 22:50,2016/08/31 17:41
305,02247,SPY  ,1.3.3.x.3.y.1,C,18,2016/06/09 22:50,2016/08/31 17:41
306,02392,SPY  ,1.3.3.x.3.y.1,C,18,2016/06/09 15:08,2016/08/31 17:26
307,02392,SPY  ,1.3.3.x.2.y.1,C,6,2016/06/09 15:07,2016/08/31 17:25
308,02392,SPY  ,1.2.x.y.3.1,C,17,2016/06/09 15:06,2016/08/31 17:27
309,02392,SPY  ,1.3.1.x.y.1.1,C,5,2016/06/09 15:06,2016/08/31 17:26
310,02392,SPY  ,1.3.3.x.3.y.1,C,1,2016/06/09 15:05,2016/08/31 17:26
311,02367,SPY  ,1.3.3.x.3.y.1,C,5,2016/06/08 09:52,2016/09/09 10:56
312,02367,SPY  ,1.3.3.x.2.y.1,C,10,2016/06/08 09:50,2016/09/08 21:15
313,02367,SPY  ,1.3.3.x.3.y.1,C,2,2016/06/08 09:41,2016/09/20 14:30
314,02367,SPY  ,1.3.3.x.2.y.1,C,6,2016/06/08 09:15,2016/09/09 21:39
315,02367,SPY  ,1.3.3.x.2.y.1,C,17,2016/06/08 09:13,2016/09/09 21:38
316,02247,SPY  ,1.3.3.x.2.y.1,C,22,2016/06/07 16:54,2016/08/31 17:17
317,02367,SPY  ,1.3.3.x.3.y.1,C,13,2016/06/07 09:14,2016/10/05 11:51
318,02247,SPY  ,1.3.3.x.3.y.1,C,2,2016/06/07 08:21,2016/08/31 17:16
319,02367,SPY  ,1.3.3.x.3.y.1,C,1,2016/06/07 08:19,2016/08/31 17:41
320,02247,SPY  ,1.2.x.y.3.1,C,1,2016/06/03 17:52,2016/08/31 17:17
321,02367,SPY  ,1.3.3.x.3.y.1,C,9,2016/06/03 17:52,2016/08/31 17:16
322,02392,SPY  ,1.3.3.x.3.y.1,C,19,2016/06/03 17:51,2016/09/16 20:25
323,02471,SPY  ,1.3.3.x.2.y.1,C,12,2016/06/03 17:51,2016/10/05 21:00
324,02471,SPY  ,1.2.x.y.3.1,C,20,2016/06/03 17:51,2016/08/31 17:26
325,02367,SPY  ,1.3.3.x.3.y.1,C,6,2016/06/03 17:51,2016/09/27 15:47
326,02367,SPY  ,1.3.3.x.3.y.1,C,1,2016/06/03 17:51,2016/08/31 17:27
327,02367,SPY  ,1.3.3.x.3.y.1,C,13,2016/06/03 17:51,2016/10/05 11:51
328,02471,SPY  ,1.3.3.x.2.y.1,C,14,2016/06/03 17:51,2016/09/14 20:21
329,02471,SPY  ,1.3.3.x.2.y.1,C,4,2016/06/03 17:51,2016/08/31 17:27
330,02471,SPY  ,1.3.3.x.3.y.1,C,12,2016/06/03 17:51,2016/08/31 17:26
331,02471,SPY  ,1.3.3.x.2.y.1,C,5,2016/06/03 17:51,2016/08/31 17:27
332,02471,SPY  ,1.3.3.x.2.y.1,C,18,2016/06/03 17:51,2016/08/31 17:27
333,02471,SPY  ,1.3.3.x.3.y.1,C,2,2016/06/03 17:51,2016/08/31 17:26
334,02392,SPY  ,1.2.x.y.3.1,C,8,2016/06/03 17:51,2016/08/31 17:27
335,02392,SPY  ,1.3.3.x.3.y.1,C,11,2016/06/03 17:51,2016/08/31 17:26
336,02367,SPY  ,1.3.3.x.3.y.1,C,4,2016/06/03 17:51,2016/09/06 15:17
337,02367,SPY  ,1.3.3.x.3.y.1,C,19,2016/06/03 17:51,2016/09/08 21:17
338,02392,SPY  ,1.3.3.x.3.y.1,C,9,2016/06/03 17:51,2016/08/31 17:26
339,02471,SPY  ,1.3.3.x.2.y.1,C,12,2016/06/03 17:42,2016/08/31 17:32
340,02471,SPY  ,1.2.x.y.3.1,C,6,2016/06/03 17:42,2016/08/31 17:31
341,02471,SPY  ,1.3.3.x.2.y.1,C,8,2016/06/03 17:42,2016/08/31 17:32
342,02471,SPY  ,1.3.3.x.2.y.1,C,3,2016/06/03 17:42,2016/08/31 17:32
343,02471,SPY  ,1.2.x.y.3.1,C,13,2016/06/03 17:42,2016/08/31 17:32
344,02471,SPY  ,1.2.x.y.3.1,C,13,2016/06/03 17:42,2016/08/31 17:32
345,02471,SPY  ,1.3.1.x.y.1.1,C,1,2016/06/03 17:42,2016/08/31 17:32
346,02471,SPY  ,1.3.3.x.3.y.1,C,10,2016/06/03 17:41,2016/09/08 21:16
347,02471,SPY  ,1.3.3.x.3.y.1,C,7,2016/06/03 17:41,2016/09/06 16:12
348,02471,SPY  ,1.3.3.x.3.y.1,C,15,2016/06/02 23:29,2016/08/31 17:32
349,02392,SPY  ,1.3.3.x.3.y.1,C,5,2016/06/02 23:27,2016/08/31 17:35
350,02471,SPY  ,1.3.3.x.3.y.1,C,15,2016/05/31 23:34,2016/08/31 17:32
351,02367,SPY  ,1.3.3.x.3.y.1,C,18,2016/05/31 22:50,2016/08/31 17:32
352,02247,SPY  ,1.3.3.x.3.y.1,C,21,2016/05/31 13:29,2016/08/31 17:17
353,02392,SPY  ,1.3.3.x.2.y.1,C,22,2016/05/20 15:46,2016/08/31 17:26
354,02392,SPY  ,1.2.x.y.3.1,C,11,2016/05/20 15:45,2016/08/31 17:27
355,02392,SPY  ,1.3.3.x.3.y.1,C,6,2016/05/20 15:39,2016/08/31 17:35
356,02471,SPY  ,1.3.3.x.3.y.1,C,22,2016/05/20 15:33,2016/08/31 17:32
357,02392,SPY  ,1.3.3.x.2.y.1,C,11,2016/05/19 22:17,2016/09/01 12:18
358,02392,SPY  ,1.5.x.y.3,C,9,2016/05/19 22:17,2016/09/01 12:18
359,02392,SPY  ,1.3.3.x.2.y.1,C,7,2016/05/19 22:17,2016/09/01 12:17
360,02392,SPY  ,1.3.3.x.2.y.1,C,21,2016/05/19 22:17,2016/09/01 12:17
361,02367,SPY  ,1.5.x.y.3,C,1,2016/04/26 09:50,2016/09/01 12:11
362,02367,SPY  ,1.3.3.x.3.y.1,C,21,2016/04/14 21:11,2016/09/20 18:50
363,02471,SPY  ,1.3.3.x.2.y.1,C,12,2016/04/14 21:11,2016/09/09 21:40
364,02471,SPY  ,1.3.3.x.2.y.1,C,2,2016/04/14 21:10,2016/08/31 17:31
365,02471,SPY  ,1.3.3.x.2.y.1,C,6,2016/04/14 21:10,2016/09/01 12:12
366,02471,SPY  ,1.3.3.x.3.y.1,C,5,2016/04/01 12:23,2016/08/31 17:32
367,02471,SPY  ,1.5.x.y.3,C,14,2016/04/01 12:23,2016/09/06 15:39
368,02433,SPY  ,1.3.3.x.2.y.1,C,1,2016/04/01 12:02,2016/08/31 17:27
369,02392,SPY  ,1.3.3.x.2.y.1,C,12,2016/04/01 12:02,2016/08/31 17:26
370,02392,SPY  ,1.3.3.x.2.y.1,C,6,2016/04/01 12:02,2016/08/31 17:26
371,02433,SPY  ,1.3.3.x.2.y.1,C,4,2016/03/24 22:01,2016/08/31 17:17
372,02471,SPY  ,1.3.3.x.2.y.1,C,5,2016/03/22 22:18,2016/08/31 17:26
373,02392,SPY  ,1.3.3.x.2.y.1,C,11,2016/03/22 22:18,2016/08/31 17:26
374,02367,SPY  ,1.3.3.x.2.y.1,C,10,2016/03/22 22:18,2016/10/05 21:02
375,02367,SPY  ,1.3.3.x.3.y.1,C,12,2016/03/22 22:18,2016/08/31 17:26
376,02367,SPY  ,1.3.3.x.3.y.1,C,7,2016/03/22 22:18,2016/08/31 17:27
377,02392,SPY  ,1.3.3.x.3.y.1,C,1,2016/03/22 22:18,2016/08/31 17:26
378,02392,SPY  ,1.3.3.x.3.y.1,C,19,2016/03/22 22:18,2016/08/31 17:26
379,02392,SPY  ,1.3.3.x.2.y.1,C,10,2016/03/22 22:18,2016/08/31 17:27
380,02392,SPY  ,1.3.3.x.3.y.1,C,17,2016/03/22 22:18,2016/08/31 17:26
381,02367,SPY  ,1.3.3.x.2.y.1,C,7,2016/03/22 22:18,2016/08/31 17:26
382,02247,SPY  ,1.3.3.x.3.y.1,C,19,2016/03/22 22:13,2016/09/20 15:49
383,02247,SPY  ,1.3.3.x.3.y.1,C,11,2016/03/22 22:13,2016/10/03 22:31
384,02247,SPY  ,1.3.3.x.2.y.1,C,17,2016/03/22 22:13,2016/09/09 21:36
385,02247,SPY  ,1.3.3.x.2.y.1,C,12,2016/03/22 22:13,2016/09/30 19:30
386,02247,SPY  ,1.3.3.x.3.y.1,C,9,2016/03/22 22:13,2016/08/31 17:17
387,02247,SPY  ,1.3.3.x.3.y.1,C,8,2016/03/22 22:13,2016/09/14 17:25
388,02247,SPY  ,1.3.3.x.3.y.1,C,17,2016/03/22 22:13,2016/08/31 17:16
389,02247,SPY  ,1.3.3.x.3.y.1,C,9,2016/03/22 22:13,2016/09/07 11:31
390,02247,SPY  ,1.3.1.x.y.1.1,C,22,2016/03/22 22:13,2016/08/31 17:17
391,02367,SPY  ,1.3.3.x.3.y.1,C,10,2016/03/22 17:57,2016/10/05 11:44
392,02367,SPY  ,1.3.3.x.3.y.1,C,18,2016/03/22 17:57,2016/10/05 11:41
393,02367,SPY  ,1.3.3.x.3.y.1,C,13,2016/03/22 17:57,2016/09/20 18:51
394,02367,SPY  ,1.3.3.x.3.y.1,C,3,2016/03/22 17:57,2016/08/31 17:32
395,02367,SPY  ,1.3.3.x.2.y.1,C,1,2016/03/22 17:57,2016/10/05 20:55
396,02392,SPY  ,1.3.3.x.3.y.1,C,22,2016/03/22 17:17,2016/08/31 17:35
397,02392,SPY  ,1.2.x.y.3.1,C,15,2016/03/22 17:17,2016/08/31 17:35
398,02392,SPY  ,1.3.3.x.2.y.1,C,9,2016/03/08 10:55,2016/08/31 17:26
399,02367,SPY  ,1.3.3.x.2.y.1,C,14,2016/03/07 16:11,2016/08/31 17:35
400,02367,SPY  ,1.3.3.x.3.y.1,C,5,2016/03/03 10:37,2016/09/06 14:35
401,02471,SPY  ,1.3.3.x.3.y.1,C,5,2016/03/03 10:37,2016/08/31 17:32
402,02471,SPY  ,1.3.3.x.3.y.1,C,21,2016/03/03 10:37,2016/08/31 17:32
403,02471,SPY  ,1.3.3.x.2.y.1,C,9,2016/03/03 10:37,2016/08/31 17:31
404,02367,SPY  ,1.3.3.x.2.y.1,C,13,2016/03/03 10:37,2016/09/01 12:13
405,02471,SPY  ,1.3.3.x.3.y.1,C,2,2016/03/03 10:37,2016/08/31 17:32
406,02471,SPY  ,1.3.3.x.2.y.1,C,17,2016/03/03 10:37,2016/08/31 17:32
407,02367,SPY  ,1.3.1.x.y.1.1,C,11,2016/03/02 15:30,2016/08/31 17:27
408,02367,SPY  ,1.3.3.x.3.y.1,C,19,2016/03/02 15:30,2016/10/06 16:03
409,02367,SPY  ,1.3.3.x.2.y.1,C,16,2016/03/02 15:30,2016/09/14 20:23
410,02392,SPY  ,1.3.3.x.2.y.1,C,9,2016/03/02 15:30,2016/08/31 17:26
411,02392,SPY  ,1.3.3.x.2.y.1,C,11,2016/03/02 15:30,2016/08/31 17:25
412,02367,SPY  ,1.3.3.x.2.y.1,C,21,2016/03/02 15:30,2016/08/31 17:26
413,02392,SPY  ,1.3.3.x.2.y.1,C,3,2016/01/11 17:47,2016/08/31 17:26
414,02392,SPY  ,1.3.3.x.2.y.1,C,17,2016/01/08 13:20,2016/08/31 17:26
415,02392,SPY  ,1.3.3.x.3.y.1,C,1,2015/12/10 11:28,2016/08/31 17:32
416,02367,SPY  ,1.3.3.x.2.y.1,C,3,2015/12/09 10:19,2016/09/29 20:31
417,02471,SPY  ,1.3.3.x.2.y.1,C,16,2015/12/09 10:04,2016/08/31 17:26
418,02367,SPY  ,1.3.3.x.3.y.1,C,17,2015/11/18 16:10,2016/10/06 17:41
419,02392,SPY  ,1.3.3.x.2.y.1,C,7,2015/10/20 09:38,2016/08/31 17:27
420,02392,SPY  ,1.3.3.x.3.y.1,C,19,2015/10/20 09:38,2016/08/31 17:26
421,02392,SPY  ,1.2.x.y.3.1,C,13,2015/10/20 09:38,2016/08/31 17:26
422,02392,SPY  ,1.2.x.y.3.1,C,12,2015/10/20 09:38,2016/08/31 17:26
423,02392,SPY  ,1.2.x.y.3.1,C,9,2015/10/20 09:38,2016/08/31 17:26
424,02367,SPY  ,1.3.3.x.2.y.1,C,11,2015/10/06 13:20,2016/09/08 21:13
425,02367,SPY  ,1.3.3.x.3.y.1,C,20,2015/10/06 13:20,2016/08/31 17:27
426,02392,SPY  ,1.2.x.y.3.1,C,11,2015/10/06 13:20,2016/08/31 17:26
427,02367,SPY  ,1.3.3.x.2.y.1,C,7,2015/10/06 13:20,2016/08/31 17:26
428,02367,SPY  ,1.3.3.x.2.y.1,C,12,2015/10/06 13:20,2016/08/31 17:26
429,02367,SPY  ,1.3.3.x.2.y.1,C,20,2015/10/06 13:20,2016/08/31 17:26
430,02367,SPY  ,1.3.3.x.2.y.1,C,12,2015/10/06 13:20,2016/08/31 17:27
431,02392,SPY  ,1.5.x.y.3,C,19,2015/10/06 13:20,2016/10/06 17:41
432,02471,CND,1.3.3.x.3.y.1,C,17,2016/08/23 13:48,2016/09/01 10:41
433,02457,CND,1.3.3.x.3.y.1,C,4,2016/09/29 07:34,2016/10/03 18:55
434,02457,CND,1.5.x.y.3,C,1,2016/09/16 07:32,2016/09/27 18:35
435,02457,CND,1.3.3.x.2.y.1,C,16,2016/09/12 15:14,2016/09/14 13:07
436,02457,CND,1.3.3.x.3.y.1,C,16,2016/09/01 12:13,2016/09/27 14:10
437,02457,CND,1.3.3.x.3.y.1,C,4,2016/09/01 12:10,2016/09/14 08:04
438,02457,CND,1.3.3.x.2.y.1,C,2,2016/09/01 12:06,2016/09/26 18:02
439,02457,CND,1.3.3.x.3.y.1,C,15,2016/09/01 12:03,2016/09/28 14:23
440,02457,CND,1.3.3.x.2.y.1,C,11,2016/08/23 10:56,2016/09/20 10:27
441,02457,CND,1.3.3.x.3.y.1,C,12,2016/08/19 11:00,2016/08/31 12:33
442,02457,CND,1.3.3.x.2.y.1,C,9,2016/08/19 10:57,2016/08/30 08:33
443,02457,CND,1.5.x.y.3,C,18,2016/08/19 10:56,2016/09/28 13:18
444,02457,CND,1.3.3.x.2.y.1,C,20,2016/08/09 11:20,2016/08/09 11:21
445,02457,CND,1.3.3.x.2.y.1,C,9,2016/07/22 07:25,2016/08/19 08:45
446,02457,CND,1.3.3.x.2.y.1,C,18,2016/07/22 07:23,2016/08/19 08:44
447,02457,CND,1.1.1.x.1.1,C,10,2016/06/30 11:09,2016/07/22 07:27
448,02457,CND,1.3.3.x.3.y.1,C,4,2016/06/30 11:02,2016/07/26 12:30
449,02457,CND,1.3.3.x.2.y.1,C,4,2016/06/30 10:52,2016/10/04 09:19
450,02457,CND,1.3.3.x.2.y.1,C,12,2016/06/30 10:41,2016/09/29 10:33
451,02457,CND,1.3.3.x.3.y.1,C,13,2016/06/30 10:33,2016/09/02 12:38
452,02457,CND,1.2.x.y.1.1,C,22,2016/06/30 10:26,2016/08/11 08:29
453,02457,CND,1.3.3.x.2.y.1,C,19,2016/06/25 14:56,2016/08/11 08:30
454,02457,CND,1.3.3.x.3.y.1,C,15,2016/06/25 13:34,2016/07/11 11:27
455,02457,CND,1.3.3.x.3.y.1,C,3,2016/06/25 13:26,2016/08/19 08:43
456,02457,CND,1.3.3.x.2.y.1,C,11,2016/06/25 13:17,2016/09/28 18:17
457,02457,CND,1.3.3.x.3.y.1,C,21,2016/06/25 13:11,2016/08/19 11:14
458,02457,CND,1.3.3.x.3.y.1,C,18,2016/06/25 13:03,2016/08/19 10:35
459,02457,CND,1.3.3.x.2.y.1,C,7,2016/06/25 12:54,2016/09/14 12:25
460,02457,CND,1.3.3.x.2.y.1,C,2,2016/06/25 12:47,2016/06/28 12:35
461,02457,CND,1.1.1.x.1.1,C,21,2016/06/25 12:28,2016/07/11 08:12
462,02457,CND,1.3.3.x.2.y.1,C,2,2016/06/25 12:04,2016/09/14 13:36
463,02457,CND,1.3.3.x.3.y.1,C,11,2016/06/16 12:40,2016/09/08 07:35
464,02457,CND,1.3.3.x.2.y.1,C,9,2016/06/16 12:39,2016/09/15 13:22
465,02457,CND,1.3.3.x.2.y.1,C,18,2016/06/16 12:37,2016/09/27 16:47
466,02457,CND,1.3.3.x.3.y.1,C,22,2016/06/16 12:36,2016/09/28 18:07
467,02457,CND,1.5.x.y.3,C,18,2016/06/16 12:33,2016/09/14 08:09
468,02457,CND,1.3.3.x.2.y.1,C,14,2016/06/16 12:32,2016/08/11 08:34
469,02457,CND,1.3.3.x.3.y.1,C,8,2016/06/16 12:30,2016/09/14 08:01
470,02457,CND,1.3.3.x.2.y.1,C,11,2016/06/16 12:29,2016/09/27 18:21
471,02457,CND,1.3.3.x.2.y.1,C,8,2016/06/16 12:27,2016/09/27 17:36
472,02457,CND,1.3.3.x.2.y.1,C,10,2016/06/16 12:26,2016/08/11 08:35
473,02457,CND,1.3.3.x.2.y.1,C,9,2016/06/16 12:25,2016/09/16 11:26
474,02457,CND,1.3.3.x.2.y.1,C,3,2016/06/16 12:23,2016/09/15 17:44
475,02457,CND,1.3.3.x.3.y.1,C,13,2016/06/15 13:35,2016/08/23 10:43
476,02457,CND,1.3.3.x.2.y.1,C,12,2016/06/15 13:32,2016/08/11 08:37
477,02457,CND,1.3.3.x.2.y.1,C,5,2016/06/15 13:30,2016/08/09 10:36
478,02457,CND,1.3.3.x.3.y.1,C,11,2016/06/15 13:29,2016/08/23 10:45
479,02457,CND,1.3.3.x.2.y.1,C,5,2016/06/15 13:26,2016/08/11 08:39
480,02457,CND,1.3.3.x.3.y.1,C,3,2016/06/14 10:56,2016/06/16 14:37
481,02392,CND,1.5.x.y.3,C,3,2016/09/29 15:23,2016/10/04 16:17
482,02392,CND,1.3.3.x.3.y.1,C,13,2016/09/27 11:14,2016/10/04 16:18
483,02517,CND,1.3.3.x.2.y.1,C,9,2016/09/22 10:45,2016/09/27 10:54
484,02517,CND,1.3.3.x.3.y.1,C,18,2016/09/22 10:31,2016/09/27 11:16
485,02247,CND,1.3.3.x.2.y.1,C,21,2016/09/15 15:42,2016/09/19 12:43
486,02367,CND,1.3.3.x.2.y.1,C,18,2016/09/01 09:54,2016/09/06 16:52
487,02471,CND,1.5.x.y.3,C,12,2016/09/01 09:54,2016/10/07 13:06
488,02367,CND,1.3.3.x.3.y.1,C,17,2016/09/01 09:54,2016/10/04 11:41
489,02471,CND,1.3.3.x.2.y.1,C,8,2016/09/01 09:54,2016/09/06 08:28
490,02367,CND,1.3.3.x.2.y.1,C,4,2016/08/31 15:04,2016/10/13 14:45
491,02517,CND,1.3.3.x.2.y.1,C,2,2016/08/22 11:53,2016/09/06 13:58
492,02517,CND,1.3.3.x.2.y.1,C,1,2016/08/22 11:44,2016/09/06 14:01
493,02247,CND,1.3.3.x.2.y.1,C,4,2016/08/16 13:28,2016/08/16 16:54
494,02247,CND,1.3.3.x.2.y.1,C,3,2016/08/16 13:28,2016/09/20 14:46
495,02367,CND,1.3.3.x.2.y.1,C,16,2016/08/16 13:28,2016/09/20 14:38
496,02471,CND,1.3.3.x.2.y.1,C,18,2016/08/16 13:28,2016/09/20 10:36
497,02247,CND,1.5.x.y.3,C,9,2016/08/16 13:28,2016/09/20 14:37
498,02471,CND,1.3.3.x.2.y.1,C,1,2016/08/16 13:28,2016/10/07 13:17
499,02471,CND,1.3.3.x.2.y.1,C,17,2016/08/16 13:28,2016/09/01 07:12
500,02367,CND,1.3.3.x.3.y.1,C,8,2016/08/16 13:28,2016/08/22 14:24
501,02471,CND,1.3.3.x.3.y.1,C,17,2016/08/16 13:28,2016/09/21 08:55
502,02367,CND,1.2.x.y.1.1,C,3,2016/08/12 11:07,2016/08/23 16:21
503,02367,CND,1.3.3.x.2.y.1,C,12,2016/08/10 10:02,2016/10/13 14:43
504,02247,CND,1.3.3.x.2.y.1,C,19,2016/08/01 15:08,2016/09/13 12:04
505,02471,CND,1.3.3.x.3.y.1,C,5,2016/07/27 17:09,2016/09/14 06:23
506,02471,CND,1.2.x.y.1.1,C,1,2016/07/27 15:21,2016/08/23 16:26
507,02471,CND,1.3.3.x.3.y.1,C,11,2016/07/27 15:21,2016/09/06 08:34
508,02247,CND,1.3.3.x.3.y.1,C,5,2016/07/26 15:06,2016/07/27 11:51
509,02471,CND,1.3.3.x.2.y.1,C,10,2016/07/26 13:37,2016/09/06 16:53
510,02247,CND,1.3.3.x.2.y.1,C,3,2016/07/25 13:55,2016/07/26 14:48
511,02247,CND,1.3.3.x.2.y.1,C,9,2016/07/25 13:54,2016/07/26 14:33
512,02247,CND,1.3.3.x.2.y.1,C,20,2016/07/25 13:53,2016/07/26 14:05
513,02247,CND,1.5.x.y.3,C,8,2016/07/25 13:52,2016/10/13 13:40
514,02247,CND,1.3.3.x.2.y.1,C,14,2016/07/25 13:51,2016/10/13 14:21
515,02247,CND,1.3.3.x.2.y.1,C,4,2016/07/25 13:46,2016/10/13 12:39
516,02247,CND,1.3.3.x.2.y.1,C,17,2016/07/25 13:44,2016/09/07 13:20
517,02247,CND,1.3.3.x.3.y.1,C,14,2016/07/25 13:07,2016/07/25 13:58
518,02247,CND,1.3.3.x.2.y.1,C,2,2016/07/25 12:03,2016/08/11 08:46
519,02392,CND,1.3.3.x.2.y.1,C,20,2016/07/12 15:33,2016/09/22 19:49
520,02392,CND,1.3.3.x.2.y.1,C,2,2016/07/12 15:33,2016/09/12 07:18
521,02392,CND,1.3.3.x.2.y.1,C,10,2016/07/12 15:33,2016/09/06 16:54
522,02392,CND,1.3.3.x.3.y.1,C,13,2016/07/12 15:33,2016/09/14 06:25
523,02392,CND,1.3.3.x.2.y.1,C,8,2016/07/12 15:33,2016/07/27 14:41
524,02392,CND,1.3.3.x.3.y.1,C,2,2016/07/12 15:33,2016/10/13 09:03
525,02392,CND,1.3.3.x.3.y.1,C,15,2016/07/12 15:33,2016/09/06 08:34
526,02392,CND,1.3.3.x.3.y.1,C,12,2016/07/12 15:33,2016/09/06 08:35
527,02392,CND,1.3.3.x.3.y.1,C,9,2016/07/12 15:33,2016/09/09 12:31
528,02392,CND,1.3.3.x.2.y.1,C,10,2016/07/12 15:33,2016/09/14 14:09
529,02392,CND,1.3.3.x.2.y.1,C,7,2016/07/12 15:33,2016/09/06 16:55
530,02392,CND,1.3.3.x.3.y.1,C,17,2016/07/12 15:33,2016/10/13 09:00
531,02392,CND,1.3.3.x.2.y.1,C,1,2016/07/12 15:33,2016/09/06 08:33
532,02392,CND,1.3.3.x.2.y.1,C,5,2016/07/12 15:33,2016/08/30 21:32
533,02392,CND,1.3.3.x.2.y.1,C,15,2016/07/12 15:33,2016/08/01 21:16
534,02392,CND,1.3.3.x.2.y.1,C,3,2016/07/12 15:33,2016/09/14 06:29
535,02392,CND,1.3.3.x.3.y.1,C,12,2016/07/12 15:33,2016/09/06 08:37
536,02392,CND,1.3.3.x.2.y.1,C,10,2016/07/12 15:33,2016/10/13 09:52
537,02392,CND,1.3.3.x.3.y.1,C,14,2016/07/12 15:33,2016/09/14 06:29
538,02392,CND,1.3.3.x.3.y.1,C,14,2016/07/12 15:33,2016/09/14 06:24
539,02471,CND,1.3.3.x.3.y.1,C,4,2016/07/12 15:33,2016/09/06 16:55
540,02247,CND,1.3.3.x.3.y.1,C,12,2016/07/12 15:33,2016/09/20 16:24
541,02367,CND,1.3.3.x.2.y.1,C,16,2016/07/12 15:33,2016/10/04 11:33
542,02471,CND,1.3.3.x.3.y.1,C,8,2016/07/12 15:33,2016/10/04 16:18
543,02367,CND,1.3.3.x.2.y.1,C,7,2016/07/12 15:33,2016/09/22 19:39
544,02247,CND,1.3.3.x.2.y.1,C,11,2016/07/12 15:33,2016/09/22 20:05
545,02247,CND,1.3.3.x.2.y.1,C,10,2016/07/12 15:33,2016/09/14 06:27
546,02367,CND,1.3.1.x.y.1.1,C,11,2016/07/12 15:33,2016/10/04 16:18
547,02367,CND,1.3.3.x.2.y.1,C,20,2016/07/12 15:33,2016/09/20 16:51
548,02471,CND,1.3.3.x.2.y.1,C,10,2016/07/12 15:33,2016/09/14 06:27
549,02247,CND,1.3.3.x.3.y.1,C,17,2016/07/12 15:33,2016/09/22 20:22
550,02247,CND,1.3.3.x.3.y.1,C,12,2016/07/12 15:33,2016/09/22 20:16
551,02471,CND,1.3.3.x.3.y.1,C,5,2016/07/12 15:33,2016/09/20 14:22
552,02247,CND,1.3.3.x.2.y.1,C,13,2016/07/12 15:33,2016/09/14 06:27
553,02471,CND,1.3.3.x.3.y.1,C,19,2016/07/12 15:33,2016/10/04 16:19
554,02471,CND,1.3.3.x.2.y.1,C,13,2016/07/12 15:33,2016/09/19 13:10
555,02471,CND,1.3.3.x.3.y.1,C,22,2016/07/12 15:33,2016/09/06 16:56
556,02471,CND,1.3.3.x.3.y.1,C,12,2016/07/12 15:33,2016/09/06 15:34
557,02471,CND,1.3.3.x.2.y.1,C,5,2016/07/12 15:33,2016/09/20 16:51
558,02247,CND,1.3.3.x.3.y.1,C,8,2016/07/12 15:33,2016/09/06 16:56
559,02471,CND,1.3.3.x.2.y.1,C,21,2016/07/12 15:33,2016/10/04 16:20
560,02471,CND,1.5.x.y.3,C,9,2016/07/12 15:33,2016/09/06 15:40
561,02471,CND,1.3.3.x.2.y.1,C,17,2016/07/12 15:33,2016/09/20 15:12
562,02471,CND,1.3.3.x.2.y.1,C,5,2016/07/12 15:33,2016/09/06 15:34
563,02247,CND,1.3.3.x.2.y.1,C,3,2016/07/12 15:33,2016/07/27 14:41
564,02471,CND,1.3.3.x.2.y.1,C,20,2016/07/12 15:33,2016/08/30 21:29
565,02517,CND,1.3.3.x.2.y.1,C,20,2016/07/12 09:53,2016/08/04 10:50
566,02517,CND,1.3.3.x.2.y.1,C,17,2016/07/12 09:51,2016/08/04 10:46
567,02517,CND,1.3.3.x.3.y.1,C,4,2016/07/12 09:48,2016/09/20 14:26
568,02471,CND,1.1.1.x.1.1,C,18,2016/07/08 15:14,2016/07/12 17:19
569,02247,CND,1.3.3.x.2.y.1,C,12,2016/07/08 14:47,2016/10/13 06:15
570,02471,CND,1.3.3.x.2.y.1,C,8,2016/07/08 14:47,2016/08/01 21:13
571,02671,CND,1.3.3.x.2.y.1,C,12,2016/07/08 14:47,2016/07/26 06:59
572,02247,CND,1.3.3.x.2.y.1,C,1,2016/07/08 14:47,2016/08/11 08:46
573,02247,CND,1.3.3.x.2.y.1,C,18,2016/07/08 14:47,2016/08/11 08:47
574,02247,CND,1.3.3.x.2.y.1,C,14,2016/07/08 14:47,2016/08/11 08:47
575,02247,CND,1.2.x.y.1.1,C,15,2016/07/08 14:47,2016/08/11 08:47
576,02471,CND,1.3.3.x.2.y.1,C,19,2016/07/08 13:18,2016/08/25 09:53
577,02471,CND,1.3.3.x.2.y.1,C,14,2016/07/06 14:20,2016/07/12 07:42
578,02247,CND,1.3.3.x.2.y.1,C,6,2016/07/05 10:43,2016/07/27 14:41
579,02247,CND,1.3.3.x.2.y.1,C,8,2016/07/05 10:43,2016/09/22 13:46
580,02471,CND,1.3.3.x.2.y.1,C,1,2016/07/01 08:47,2016/08/25 09:52
581,02367,CND,1.3.3.x.3.y.1,C,7,2016/06/30 10:44,2016/08/08 13:56
582,02471,CND,1.3.3.x.2.y.1,C,6,2016/06/30 10:39,2016/07/24 19:04
583,02471,CND,1.3.3.x.2.y.1,C,10,2016/06/28 15:31,2016/09/20 15:45
584,02471,CND,1.3.3.x.3.y.1,C,13,2016/06/28 08:33,2016/07/26 06:59
585,02471,CND,1.3.3.x.3.y.1,C,16,2016/06/28 08:32,2016/07/26 17:31
586,02471,CND,1.3.3.x.2.y.1,C,3,2016/06/28 08:31,2016/07/24 19:04
587,02471,CND,1.3.3.x.3.y.1,C,19,2016/06/28 08:29,2016/07/26 06:54
588,02471,CND,1.3.3.x.3.y.1,C,17,2016/06/28 07:49,2016/08/09 07:39
589,02457,CND,1.3.3.x.2.y.1,C,7,2016/06/27 11:55,2016/10/04 09:17
590,02457,CND,1.3.3.x.3.y.1,C,10,2016/06/27 11:50,2016/08/11 08:48
591,02247,CND,1.1.1.x.1.1,C,10,2016/06/27 11:37,2016/07/12 16:53
592,02471,CND,1.3.3.x.2.y.1,C,16,2016/06/23 10:49,2016/08/30 21:32
593,02471,CND,1.3.1.x.y.1.1,C,14,2016/06/23 10:49,2016/09/06 08:40
594,02471,CND,1.3.3.x.3.y.1,C,5,2016/06/23 10:49,2016/07/12 15:44
595,02471,CND,1.3.3.x.3.y.1,C,19,2016/06/21 14:37,2016/08/02 13:59
596,02471,CND,1.3.3.x.3.y.1,C,12,2016/06/16 10:03,2016/06/21 21:11
597,02471,CND,1.3.3.x.3.y.1,C,11,2016/06/16 09:58,2016/06/21 21:12
598,02471,CND,1.3.3.x.3.y.1,C,17,2016/06/16 09:55,2016/08/26 13:37
599,02471,CND,1.3.3.x.3.y.1,C,11,2016/06/16 09:50,2016/08/26 11:41
600,02471,CND,1.3.3.x.2.y.1,C,16,2016/06/09 09:30,2016/07/24 18:37
601,02471,CND,1.3.3.x.2.y.1,C,12,2016/06/09 09:30,2016/06/21 21:09
602,02471,CND,1.3.3.x.2.y.1,C,21,2016/06/09 09:30,2016/09/20 16:50
603,02471,CND,1.3.3.x.2.y.1,C,14,2016/06/09 09:01,2016/08/01 21:14
604,02471,CND,1.3.3.x.3.y.1,C,11,2016/06/09 09:01,2016/07/27 14:39
605,02471,CND,1.2.x.y.1.1,C,4,2016/06/09 09:01,2016/08/23 16:25
606,02247,CND,1.3.3.x.2.y.1,C,5,2016/06/09 09:01,2016/10/13 06:12
607,02471,CND,1.3.3.x.3.y.1,C,17,2016/06/09 09:01,2016/07/11 15:16
608,02471,CND,1.3.3.x.2.y.1,C,17,2016/06/09 09:01,2016/09/06 08:27
609,02367,CND,1.5.x.y.3,C,8,2016/06/09 09:01,2016/09/07 11:28
610,02471,CND,1.3.3.x.3.y.1,C,14,2016/06/09 09:01,2016/08/11 09:10
611,02247,CND,1.3.3.x.2.y.1,C,21,2016/06/09 09:01,2016/09/14 06:26
612,02247,CND,1.3.3.x.2.y.1,C,1,2016/06/09 09:01,2016/08/30 21:29
613,02471,CND,1.3.3.x.2.y.1,C,17,2016/06/09 09:01,2016/09/07 08:27
614,02471,CND,1.3.3.x.3.y.1,C,22,2016/06/09 09:01,2016/07/12 15:48
615,02367,CND,1.3.3.x.2.y.1,C,10,2016/06/09 09:01,2016/09/07 14:13
616,02247,CND,1.3.3.x.3.y.1,C,18,2016/06/09 09:01,2016/07/24 18:33
617,02247,CND,1.3.3.x.2.y.1,C,1,2016/06/09 09:01,2016/07/12 15:43
618,02367,CND,1.3.3.x.2.y.1,C,21,2016/06/09 09:01,2016/09/22 19:56
619,02471,CND,1.3.3.x.3.y.1,C,11,2016/06/09 09:01,2016/08/09 07:39
620,02471,CND,1.3.3.x.3.y.1,C,21,2016/06/09 09:01,2016/07/24 19:05
621,02471,CND,1.3.3.x.2.y.1,C,19,2016/06/09 09:01,2016/07/20 13:48
622,02471,CND,1.3.3.x.3.y.1,C,20,2016/06/07 10:57,2016/07/25 11:00
623,02471,CND,1.3.3.x.2.y.1,C,20,2016/06/07 10:49,2016/06/21 21:08
624,02471,CND,1.3.3.x.2.y.1,C,9,2016/06/02 09:04,2016/08/15 14:32
625,02671,CND,1.1.2.x.y.1,C,1,2016/06/01 09:52,2016/06/21 21:17
626,02471,CND,1.3.3.x.3.y.1,C,17,2016/05/31 10:55,2016/06/21 21:15
627,02471,CND,1.3.3.x.2.y.1,C,6,2016/05/31 10:55,2016/08/02 13:44
628,02471,CND,1.3.3.x.2.y.1,C,4,2016/05/31 10:55,2016/07/26 07:04
629,02471,CND,1.3.3.x.3.y.1,C,15,2016/05/31 10:55,2016/06/29 08:52
630,02471,CND,1.3.3.x.2.y.1,C,20,2016/05/31 10:55,2016/06/21 21:03
631,02471,CND,1.3.3.x.3.y.1,C,1,2016/05/31 10:55,2016/08/26 11:33
632,02367,CND,1.3.3.x.3.y.1,C,5,2016/05/31 10:55,2016/08/17 07:28
633,02367,CND,1.3.3.x.2.y.1,C,15,2016/05/31 10:55,2016/08/25 11:49
634,02367,CND,1.3.3.x.2.y.1,C,5,2016/05/31 10:55,2016/07/07 10:00
635,02367,CND,1.3.3.x.2.y.1,C,2,2016/05/31 10:55,2016/07/07 09:58
636,02471,CND,1.3.3.x.2.y.1,C,2,2016/05/18 13:08,2016/07/12 13:31
637,02367,CND,1.3.3.x.2.y.1,C,19,2016/05/18 13:08,2016/07/07 08:39
638,02471,CND,1.1.2.x.y.1,C,12,2016/05/18 13:08,2016/06/21 21:16
639,02471,CND,1.3.3.x.2.y.1,C,5,2016/05/18 13:08,2016/07/24 18:38
640,02471,CND,1.3.3.x.2.y.1,C,6,2016/05/18 13:08,2016/08/02 13:31
641,02471,CND,1.3.3.x.3.y.1,C,14,2016/05/04 12:14,2016/06/28 08:50
642,02471,CND,1.3.3.x.3.y.1,C,1,2016/05/04 12:14,2016/08/11 09:11
643,02367,CND,1.3.3.x.3.y.1,C,3,2016/05/04 12:14,2016/06/28 08:50
644,02471,CND,1.3.3.x.3.y.1,C,8,2016/05/04 12:14,2016/06/28 08:49
645,02367,CND,1.1.1.x.1.1,C,13,2016/05/04 12:14,2016/06/28 08:48
646,02367,CND,1.3.3.x.2.y.1,C,22,2016/05/04 12:14,2016/08/26 10:22
647,02471,CND,1.3.3.x.3.y.1,C,19,2016/05/04 12:14,2016/08/11 09:10
648,02392,CND,1.3.3.x.3.y.1,C,16,2016/05/04 12:14,2016/09/01 10:58
649,02471,CND,1.3.3.x.2.y.1,C,18,2016/05/04 12:14,2016/08/02 13:25
650,02471,CND,1.2.x.y.1.1,C,20,2016/05/04 12:14,2016/08/10 15:22
651,02367,CND,1.3.3.x.2.y.1,C,4,2016/05/04 12:14,2016/06/17 12:07
652,02392,CND,1.1.1.x.1.1,C,6,2016/04/28 12:52,2016/06/29 09:03
653,02367,CND,1.3.3.x.3.y.1,C,2,2016/04/07 13:17,2016/07/11 15:19
654,02471,CND,1.1.2.x.y.1,C,6,2016/04/07 12:52,2016/06/28 08:47
655,02471,CND,1.3.3.x.3.y.1,C,18,2016/04/07 12:48,2016/08/10 11:24
656,02367,CND,1.3.3.x.3.y.1,C,11,2016/03/24 14:19,2016/06/28 08:44
657,02392,CND,1.3.3.x.2.y.1,C,18,2016/03/24 14:19,2016/07/11 15:20
658,02367,CND,1.3.3.x.3.y.1,C,17,2016/03/24 14:19,2016/08/11 13:51
659,02392,CND,1.3.3.x.3.y.1,C,16,2016/03/24 14:19,2016/06/17 12:07
660,02367,CND,1.3.3.x.3.y.1,C,14,2016/03/24 14:19,2016/09/01 10:56
661,02471,CND,1.3.3.x.3.y.1,C,17,2016/03/24 14:19,2016/06/28 14:39
662,02367,CND,1.5.x.y.3,C,3,2016/03/18 11:01,2016/09/08 15:47
663,02367,CND,1.5.x.y.3,C,20,2016/03/18 10:57,2016/09/08 15:52
664,02367,CND,1.3.3.x.3.y.1,C,9,2016/03/18 10:50,2016/06/17 12:08
665,02471,CND,1.3.3.x.2.y.1,C,16,2016/03/15 09:33,2016/09/08 15:53
666,02367,CND,1.3.3.x.3.y.1,C,2,2016/03/15 09:28,2016/06/17 12:08
667,02367,CND,1.3.3.x.2.y.1,C,12,2016/03/15 09:18,2016/09/20 10:53
668,02471,CND,1.3.3.x.3.y.1,C,8,2016/03/07 10:53,2016/07/13 13:30
669,02471,CND,1.3.3.x.2.y.1,C,11,2016/03/01 10:48,2016/07/26 07:00
670,02367,CND,1.3.3.x.3.y.1,C,21,2016/03/01 10:44,2016/06/17 09:46
671,02471,CND,1.3.3.x.2.y.1,C,22,2016/03/01 10:41,2016/08/08 10:33
672,02367,CND,1.3.3.x.3.y.1,C,16,2016/03/01 10:17,2016/06/20 16:09
673,02471,CND,1.3.3.x.3.y.1,C,18,2016/03/01 09:20,2016/06/23 19:49
674,02367,CND,1.3.3.x.2.y.1,C,4,2016/02/24 09:44,2016/06/28 13:56
675,02471,CND,1.1.2.x.y.1,C,21,2016/02/24 09:34,2016/06/28 08:45
676,02471,CND,1.3.3.x.2.y.1,C,13,2016/02/24 09:11,2016/07/24 18:34
677,02471,CND,1.3.3.x.3.y.1,C,13,2016/02/24 09:07,2016/09/06 15:03
678,02471,CND,1.3.3.x.2.y.1,C,2,2016/02/23 15:25,2016/06/28 11:08
679,02471,CND,1.3.3.x.2.y.1,C,21,2016/02/23 14:35,2016/08/12 14:01
680,02471,CND,1.3.3.x.2.y.1,C,4,2016/02/23 14:33,2016/08/09 13:29
681,02471,CND,1.3.3.x.3.y.1,C,8,2016/02/23 14:17,2016/06/30 12:12
682,02471,CND,1.3.3.x.3.y.1,C,10,2016/02/23 14:10,2016/07/27 14:39
683,02471,CND,1.3.3.x.2.y.1,C,1,2016/02/23 14:09,2016/06/28 11:09
684,02471,CND,1.3.3.x.2.y.1,C,8,2016/02/23 13:51,2016/10/03 10:35
685,02471,CND,1.3.3.x.2.y.1,C,16,2016/02/23 10:41,2016/08/25 13:50
686,02367,CND,1.3.3.x.3.y.1,C,5,2016/02/15 13:43,2016/09/19 10:49
687,02471,CND,1.3.3.x.3.y.1,C,5,2016/02/15 13:39,2016/07/14 08:16
688,02471,CND,1.3.3.x.2.y.1,C,14,2016/02/15 13:38,2016/07/27 14:40
689,02471,CND,1.3.3.x.2.y.1,C,3,2016/02/15 13:36,2016/07/27 14:40
690,02471,CND,1.3.3.x.2.y.1,C,7,2016/02/12 08:40,2016/09/20 11:39
691,02367,CND,1.3.3.x.2.y.1,C,13,2016/10/03 10:39,2016/10/18 11:27
692,02392,CND,1.3.3.x.2.y.1,C,5,2016/09/21 10:23,2016/10/04 16:20
693,02392,CND,1.3.3.x.2.y.1,C,21,2016/09/07 09:46,2016/09/20 16:52
694,02392,CND,1.3.3.x.2.y.1,C,20,2016/09/07 09:46,2016/09/20 16:52
695,02392,CND,1.3.3.x.2.y.1,C,12,2016/09/07 09:46,2016/09/19 12:42
696,02392,CND,1.3.3.x.2.y.1,C,11,2016/09/07 09:46,2016/09/20 15:43
697,02392,CND,1.3.3.x.2.y.1,C,17,2016/09/07 09:46,2016/09/20 15:43
698,02392,CND,1.3.3.x.3.y.1,C,10,2016/09/07 09:46,2016/09/19 12:43
699,02392,CND,1.3.3.x.2.y.1,C,6,2016/09/07 09:46,2016/09/20 15:43
700,02392,CND,1.3.3.x.2.y.1,C,3,2016/09/07 09:46,2016/09/20 15:43
701,02392,CND,1.3.3.x.2.y.1,C,3,2016/09/07 09:45,2016/09/09 11:59
702,02367,CND,1.3.3.x.2.y.1,C,12,2016/08/23 13:34,2016/09/21 10:32
703,02392,CND,1.3.3.x.2.y.1,C,4,2016/08/16 14:53,2016/09/14 06:21
704,02392,CND,1.3.3.x.2.y.1,C,3,2016/08/16 14:53,2016/09/19 13:08
705,02392,CND,1.3.3.x.2.y.1,C,16,2016/08/16 14:53,2016/10/14 18:32
706,02392,CND,1.3.3.x.3.y.1,C,15,2016/08/16 14:53,2016/09/22 20:42
707,02392,CND,1.3.3.x.2.y.1,C,6,2016/08/16 14:53,2016/10/13 06:21
708,02392,CND,1.3.1.x.y.1.1,C,7,2016/08/16 14:53,2016/09/06 16:57
709,02392,CND,1.3.3.x.2.y.1,C,4,2016/08/16 14:53,2016/09/14 06:21
710,02392,CND,1.3.3.x.2.y.1,C,2,2016/08/03 15:50,2016/08/23 16:58
711,02392,CND,1.3.3.x.3.y.1,C,7,2016/08/03 15:50,2016/10/13 07:52
712,02392,CND,1.3.3.x.3.y.1,C,14,2016/08/03 15:50,2016/08/11 15:27
713,02392,CND,1.3.3.x.2.y.1,C,5,2016/08/03 15:50,2016/09/20 16:25
714,02392,CND,1.3.3.x.3.y.1,C,6,2016/08/03 15:50,2016/09/06 16:59
715,02392,CND,1.3.3.x.3.y.1,C,13,2016/08/03 15:50,2016/09/08 10:26
716,02392,CND,1.3.3.x.2.y.1,C,2,2016/08/03 15:50,2016/09/14 06:26
717,02392,CND,1.3.3.x.2.y.1,C,16,2016/08/03 09:39,2016/08/03 10:33
718,02392,CND,1.3.3.x.3.y.1,C,5,2016/08/03 09:39,2016/08/03 10:32
719,02392,CND,1.3.3.x.2.y.1,C,8,2016/08/03 07:50,2016/09/14 06:23
720,02392,CND,1.3.3.x.2.y.1,C,18,2016/07/28 09:05,2016/09/12 07:32
721,02392,CND,1.3.3.x.3.y.1,C,6,2016/07/26 16:50,2016/09/06 14:51
722,02392,CND,1.3.3.x.2.y.1,C,9,2016/07/26 16:50,2016/09/06 08:30
723,02392,CND,1.3.3.x.2.y.1,C,11,2016/07/26 16:50,2016/09/09 11:58
724,02392,CND,1.3.3.x.2.y.1,C,3,2016/07/26 16:50,2016/08/30 21:28
725,02392,CND,1.3.3.x.3.y.1,C,13,2016/07/26 16:50,2016/09/06 10:15
726,02392,CND,1.3.3.x.3.y.1,C,14,2016/07/26 16:50,2016/08/31 10:33
727,02392,CND,1.3.3.x.2.y.1,C,18,2016/07/26 16:50,2016/09/20 13:06
728,02392,CND,1.3.3.x.2.y.1,C,19,2016/07/26 15:25,2016/09/06 08:30
729,02392,CND,1.5.x.y.3,C,20,2016/07/26 15:25,2016/09/06 13:51
730,02392,CND,1.3.3.x.2.y.1,C,2,2016/07/26 15:25,2016/10/13 10:19
731,02392,CND,1.3.3.x.2.y.1,C,14,2016/07/26 15:25,2016/09/06 08:33
732,02471,CND,1.3.3.x.2.y.1,C,4,2016/07/20 11:48,2016/07/26 07:00
733,02367,CND,1.3.3.x.3.y.1,C,18,2016/07/20 11:48,2016/09/21 10:19
734,02392,CND,1.3.3.x.2.y.1,C,19,2016/07/20 10:38,2016/09/12 08:04
735,02392,CND,1.3.3.x.2.y.1,C,21,2016/07/19 12:51,2016/10/04 16:23
736,02392,CND,1.5.x.y.3,C,8,2016/07/19 12:51,2016/09/06 10:44
737,02392,CND,1.3.3.x.3.y.1,C,2,2016/07/19 12:51,2016/09/06 08:34
738,02392,CND,1.3.3.x.3.y.1,C,11,2016/07/19 12:51,2016/10/13 08:54
739,02392,CND,1.3.3.x.3.y.1,C,8,2016/07/19 12:51,2016/09/14 06:24
740,02392,CND,1.3.3.x.3.y.1,C,6,2016/07/19 12:51,2016/09/14 06:29
741,02392,CND,1.3.3.x.3.y.1,C,17,2016/07/19 12:51,2016/09/06 17:00
742,02392,CND,1.3.3.x.3.y.1,C,8,2016/07/19 12:51,2016/09/06 13:51
743,02392,CND,1.3.3.x.2.y.1,C,2,2016/07/19 12:51,2016/08/31 08:43
744,02392,CND,1.3.3.x.3.y.1,C,18,2016/07/19 12:51,2016/09/06 08:27
745,02392,CND,1.3.3.x.3.y.1,C,8,2016/07/19 12:51,2016/09/06 13:51
746,02392,CND,1.3.3.x.3.y.1,C,22,2016/07/15 12:40,2016/09/21 18:47
747,02392,CND,1.3.3.x.3.y.1,C,11,2016/07/15 12:40,2016/09/06 13:51
748,02392,CND,1.3.3.x.3.y.1,C,22,2016/07/15 12:39,2016/10/13 07:51
749,02392,CND,1.3.3.x.3.y.1,C,3,2016/07/15 12:39,2016/09/06 13:51
750,02392,CND,1.3.3.x.3.y.1,C,22,2016/07/15 12:39,2016/09/14 06:29
751,02392,CND,1.3.3.x.2.y.1,C,1,2016/07/15 12:39,2016/10/13 10:02
752,02392,CND,1.3.3.x.2.y.1,C,16,2016/07/15 12:39,2016/09/14 06:21
753,02392,CND,1.3.3.x.2.y.1,C,17,2016/07/15 12:39,2016/09/06 13:50
754,02392,CND,1.3.3.x.2.y.1,C,13,2016/07/15 12:39,2016/09/09 11:57
755,02392,CND,1.3.3.x.2.y.1,C,19,2016/07/15 12:39,2016/10/13 10:23
756,02392,CND,1.3.3.x.3.y.1,C,13,2016/07/15 12:39,2016/09/09 08:49
757,02392,CND,1.3.3.x.2.y.1,C,4,2016/07/15 12:39,2016/09/06 13:50
758,02392,CND,1.3.3.x.2.y.1,C,13,2016/07/15 12:39,2016/09/14 06:22
759,02392,CND,1.3.3.x.2.y.1,C,7,2016/07/15 12:39,2016/09/06 14:52
760,02392,CND,1.3.3.x.2.y.1,C,3,2016/07/15 12:39,2016/09/06 13:51
761,02392,CND,1.3.3.x.3.y.1,C,21,2016/07/15 12:39,2016/09/19 12:44
762,02392,CND,1.3.3.x.2.y.1,C,4,2016/07/15 12:39,2016/09/14 06:22
763,02392,CND,1.3.3.x.2.y.1,C,6,2016/07/15 12:39,2016/09/09 12:17
764,02392,CND,1.3.3.x.2.y.1,C,7,2016/07/15 12:39,2016/09/06 14:50
765,02392,CND,1.3.3.x.3.y.1,C,6,2016/07/15 12:39,2016/09/19 12:49
766,02392,CND,1.5.x.y.3,C,9,2016/07/15 12:39,2016/09/06 13:50
767,02392,CND,1.3.3.x.2.y.1,C,10,2016/07/15 12:39,2016/09/09 11:58
768,02392,CND,1.5.x.y.3,C,1,2016/07/15 12:39,2016/09/06 13:50
769,02392,CND,1.3.3.x.2.y.1,C,21,2016/07/15 12:39,2016/10/04 16:23
770,02392,CND,1.3.3.x.2.y.1,C,8,2016/07/15 12:39,2016/09/14 06:25
771,02392,CND,1.3.3.x.3.y.1,C,17,2016/07/15 12:39,2016/09/19 13:07
772,02392,CND,1.3.3.x.3.y.1,C,18,2016/06/14 12:51,2016/07/12 15:47
773,02392,CND,1.3.3.x.2.y.1,C,20,2016/06/14 12:51,2016/08/23 21:22
774,02392,CND,1.5.x.y.3,C,14,2016/06/09 14:47,2016/09/06 13:50
775,02392,CND,1.3.3.x.2.y.1,C,4,2016/06/09 14:47,2016/10/13 10:23
776,02392,CND,1.3.3.x.2.y.1,C,11,2016/06/09 14:47,2016/07/24 18:36
777,02392,CND,1.3.3.x.3.y.1,C,21,2016/06/09 14:47,2016/07/27 14:40
778,02392,CND,1.3.3.x.3.y.1,C,6,2016/04/19 13:19,2016/06/28 16:19
779,02392,CND,1.1.1.x.1.1,C,6,2016/04/06 07:58,2016/06/29 11:41
780,02392,CND,1.3.3.x.2.y.1,C,12,2016/03/11 15:18,2016/07/11 15:20
781,02392,CND,1.3.3.x.3.y.1,C,11,2016/03/11 15:18,2016/06/28 15:12
782,02392,CND,1.3.3.x.3.y.1,C,20,2016/02/26 15:08,2016/09/26 12:21
783,02392,CND,1.3.3.x.2.y.1,C,1,2016/02/25 15:14,2016/09/26 12:20
784,02392,CND,1.3.3.x.3.y.1,C,4,2016/02/25 15:14,2016/07/13 11:18
785,02392,CND,1.3.1.x.y.1.1,C,7,2015/10/15 15:34,2016/07/22 10:05
786,02392,CND,1.2.x.y.1.1,C,19,2015/07/30 15:08,2016/07/22 10:07
787,02671,CND,1.7.x.1,C,4,2016/05/11 12:29,2016/08/30 12:25
788,02671,CND,1.7.x.1,C,21,2016/05/11 12:29,2016/08/30 12:25
789,02457,ADS,1.3.3.x.2.y.1,C,1,2016/07/26 17:01,2016/09/27 16:32
790,02457,ADS,1.3.3.x.2.y.1,C,16,2016/05/09 08:57,2016/08/22 13:35
791,02367,ADS,1.3.3.x.2.y.1,C,7,2015/07/14 16:39,2016/07/12 09:50
792,02247,ADS,1.3.1.x.y.1.1,C,21,2016/09/23 11:37,2016/09/23 16:11
793,02247,ADS,1.3.3.x.3.y.1,C,4,2016/09/23 11:33,2016/09/23 16:11
794,02367,ADS,1.3.3.x.2.y.1,C,7,2016/09/21 13:18,2016/09/23 10:17
795,02517,ADS,1.3.1.x.y.1.1,C,7,2016/09/21 12:21,2016/09/21 13:39
796,02392,ADS,1.3.3.x.2.y.1,C,6,2016/09/20 14:31,2016/09/29 16:07
797,02367,ADS,1.3.3.x.2.y.1,C,10,2016/09/15 13:12,2016/09/23 10:24
798,02367,ADS,1.3.3.x.2.y.1,C,3,2016/09/15 12:56,2016/09/23 10:16
799,02367,ADS,1.3.3.x.3.y.1,C,12,2016/09/15 11:40,2016/09/23 10:24
800,02392,ADS,1.3.3.x.2.y.1,C,15,2016/09/09 14:19,2016/09/14 10:57
801,02367,ADS,1.3.3.x.3.y.1,C,15,2016/09/02 09:59,2016/09/06 07:15
802,02471,ADS,1.5.x.y.3,C,20,2016/09/02 09:04,2016/09/06 07:16
803,02392,ADS,1.3.3.x.3.y.1,C,18,2016/09/01 14:50,2016/09/06 15:35
804,02367,ADS,1.3.3.x.2.y.1,C,8,2016/09/01 11:12,2016/09/09 11:04
805,02392,ADS,1.5.x.y.3,C,14,2016/08/30 15:43,2016/09/06 07:20
806,02392,ADS,1.3.3.x.3.y.1,C,3,2016/08/30 15:34,2016/09/06 07:20
807,02471,ADS,1.3.3.x.3.y.1,C,2,2016/08/30 09:25,2016/09/01 07:58
808,02471,ADS,1.3.3.x.2.y.1,C,3,2016/08/30 08:50,2016/09/06 12:05
809,02457,ADS,1.3.3.x.3.y.1,C,17,2016/08/29 14:27,2016/09/15 16:02
810,02457,ADS,1.3.3.x.2.y.1,C,11,2016/08/26 09:39,2016/09/15 14:51
811,02247,ADS,1.5.x.y.3,C,17,2016/08/26 08:49,2016/09/12 14:07
812,02247,ADS,1.5.x.y.3,C,19,2016/08/26 08:37,2016/09/12 14:07
813,02247,ADS,1.3.3.x.2.y.1,C,9,2016/08/26 08:29,2016/08/30 14:33
814,02457,ADS,1.3.3.x.3.y.1,C,4,2016/08/25 14:15,2016/09/27 16:30
815,02457,ADS,1.3.3.x.3.y.1,C,10,2016/08/25 14:04,2016/09/27 16:31
816,02457,ADS,1.3.3.x.2.y.1,C,1,2016/08/25 13:44,2016/09/02 09:31
817,02457,ADS,1.3.3.x.2.y.1,C,10,2016/08/25 13:32,2016/09/27 16:31
818,02471,ADS,1.7.x.1,C,16,2016/08/25 07:50,2016/08/31 16:28
819,02367,ADS,1.3.3.x.3.y.1,C,19,2016/08/22 15:58,2016/08/22 16:24
820,02392,ADS,1.3.3.x.3.y.1,C,20,2016/08/19 09:13,2016/09/09 14:53
821,02367,ADS,1.3.3.x.2.y.1,C,22,2016/08/19 08:33,2016/08/19 10:13
822,02367,ADS,1.3.3.x.2.y.1,C,21,2016/08/19 08:32,2016/08/19 10:22
823,02392,ADS,1.3.3.x.2.y.1,C,10,2016/08/18 15:05,2016/09/09 16:04
824,02392,ADS,1.3.3.x.3.y.1,C,15,2016/08/18 14:57,2016/09/09 14:31
825,02392,ADS,1.3.3.x.3.y.1,C,16,2016/08/18 14:56,2016/08/25 08:14
826,02392,ADS,1.3.1.x.y.1.1,C,14,2016/08/17 08:17,2016/08/30 14:15
827,02457,ADS,1.3.1.x.y.1.1,C,2,2016/08/16 17:58,2016/08/23 15:03
828,02471,ADS,1.3.3.x.3.y.1,C,7,2016/08/15 11:27,2016/08/18 16:33
829,02471,ADS,1.3.3.x.2.y.1,C,17,2016/08/13 12:33,2016/08/19 13:03
830,02367,ADS,1.3.3.x.2.y.1,C,11,2016/08/13 11:05,2016/09/14 10:56
831,02392,ADS,1.3.3.x.3.y.1,C,2,2016/08/12 08:43,2016/08/31 16:10
832,02392,ADS,1.3.3.x.2.y.1,C,17,2016/08/12 08:38,2016/09/14 10:56
833,02367,ADS,1.3.3.x.2.y.1,C,12,2016/08/11 17:15,2016/08/15 08:02
834,02367,ADS,1.3.3.x.2.y.1,C,14,2016/08/11 17:07,2016/08/15 07:56
835,02367,ADS,1.3.3.x.2.y.1,C,4,2016/08/11 16:13,2016/08/22 13:36
836,02471,ADS,1.3.3.x.2.y.1,C,9,2016/08/11 09:49,2016/08/15 08:00
837,02247,ADS,1.3.3.x.2.y.1,C,1,2016/08/11 07:33,2016/09/06 15:34
838,02392,ADS,1.5.x.y.3,C,20,2016/08/10 13:54,2016/09/06 07:17
839,02367,ADS,1.3.3.x.3.y.1,C,17,2016/08/09 16:45,2016/08/19 13:01
840,02471,ADS,1.3.3.x.2.y.1,C,2,2016/08/08 14:32,2016/08/19 10:29
841,02392,ADS,1.7.x.1,C,13,2016/08/08 14:26,2016/08/30 14:15
842,02471,ADS,1.2.x.y.1.1,C,1,2016/08/08 14:22,2016/08/19 10:29
843,02367,ADS,1.3.3.x.2.y.1,C,13,2016/08/08 13:31,2016/08/19 10:28
844,02367,ADS,1.3.1.x.y.1.1,C,20,2016/08/08 13:16,2016/08/26 15:27
845,02471,ADS,1.3.3.x.3.y.1,C,19,2016/08/08 13:05,2016/08/22 16:24
846,02367,ADS,1.3.3.x.2.y.1,C,19,2016/08/05 15:45,2016/08/19 13:02
847,02392,ADS,1.3.3.x.3.y.1,C,3,2016/08/04 12:48,2016/09/09 14:27
848,02392,ADS,1.7.x.1,C,8,2016/08/04 08:53,2016/08/30 14:31
849,02457,ADS,1.3.3.x.3.y.1,C,17,2016/08/03 11:18,2016/09/09 14:30
850,02392,ADS,1.3.3.x.2.y.1,C,6,2016/08/01 09:51,2016/08/08 10:20
851,02457,ADS,1.3.3.x.2.y.1,C,22,2016/07/30 13:08,2016/08/01 15:06
852,02392,ADS,1.3.3.x.3.y.1,C,7,2016/07/29 10:54,2016/08/30 09:56
853,02392,ADS,1.3.3.x.2.y.1,C,17,2016/07/28 11:11,2016/09/12 14:06
854,02392,ADS,1.3.3.x.3.y.1,C,14,2016/07/26 16:31,2016/09/06 15:33
855,02392,ADS,1.3.3.x.2.y.1,C,14,2016/07/26 16:20,2016/08/22 11:11
856,02471,ADS,1.3.3.x.2.y.1,C,6,2016/07/26 16:07,2016/09/13 08:14
857,02471,ADS,1.3.3.x.3.y.1,C,4,2016/07/13 09:47,2016/08/17 15:54
858,02471,ADS,1.3.3.x.3.y.1,C,4,2016/07/13 16:05,2016/07/29 10:46
859,02457,ADS,1.3.3.x.2.y.1,C,5,2016/07/26 13:55,2016/08/23 16:28
860,02392,ADS,1.3.3.x.3.y.1,C,17,2016/07/26 12:59,2016/09/02 09:26
861,02392,ADS,1.3.3.x.2.y.1,C,2,2016/07/26 10:05,2016/09/12 14:06
862,02392,ADS,1.3.3.x.2.y.1,C,22,2016/07/25 09:34,2016/10/03 16:29
863,02247,ADS,1.3.3.x.3.y.1,C,11,2016/07/22 15:40,2016/08/30 14:34
864,02457,ADS,1.3.3.x.2.y.1,C,11,2016/07/22 15:31,2016/08/22 11:12
865,02457,ADS,1.7.x.1,C,17,2016/07/22 15:25,2016/08/31 16:26
866,02457,ADS,1.3.3.x.3.y.1,C,18,2016/07/22 15:19,2016/09/06 16:28
867,02471,ADS,1.2.x.y.1.1,C,14,2016/07/21 12:42,2016/07/26 08:48
868,02471,ADS,1.3.3.x.2.y.1,C,3,2016/07/13 16:02,2016/08/29 13:07
869,02247,ADS,1.3.3.x.3.y.1,C,17,2016/07/20 14:12,2016/07/21 08:11
870,02392,ADS,1.7.x.1,C,14,2016/07/20 08:30,2016/08/30 14:16
871,02471,ADS,1.3.3.x.2.y.1,C,9,2016/07/18 11:49,2016/07/20 08:07
872,02471,ADS,1.3.3.x.3.y.1,C,2,2016/07/15 14:30,2016/10/06 10:12
873,02392,ADS,1.3.3.x.2.y.1,C,17,2016/07/14 13:29,2016/08/12 11:46
874,02392,ADS,1.2.x.y.1.1,C,6,2016/07/14 13:20,2016/07/26 08:20
875,02392,ADS,1.3.3.x.3.y.1,C,5,2016/07/14 13:15,2016/09/09 16:03
876,02471,ADS,1.3.3.x.2.y.1,C,7,2016/07/13 18:37,2016/07/26 16:06
877,02457,ADS,1.3.3.x.2.y.1,C,21,2016/07/12 16:09,2016/09/15 14:58
878,02247,ADS,1.3.3.x.2.y.1,C,1,2016/07/11 17:33,2016/08/09 16:46
879,02247,ADS,1.3.3.x.3.y.1,C,12,2016/07/11 17:32,2016/09/19 10:56
880,02247,ADS,1.3.3.x.3.y.1,C,1,2016/07/11 17:32,2016/08/09 16:46
881,02247,ADS,1.3.3.x.3.y.1,C,7,2016/07/11 17:31,2016/07/21 14:48
882,02247,ADS,1.3.3.x.3.y.1,C,18,2016/07/11 17:31,2016/09/13 07:52
883,02247,ADS,1.1.1.x.1.1,C,15,2016/07/11 17:30,2016/07/21 14:48
884,02247,ADS,1.3.3.x.2.y.1,C,11,2016/07/11 17:30,2016/07/21 14:47
885,02247,ADS,1.3.1.x.y.1.1,C,2,2016/07/11 17:30,2016/09/06 15:35
886,02247,ADS,1.3.3.x.2.y.1,C,15,2016/07/11 16:59,2016/07/21 11:16
887,02392,ADS,1.3.3.x.2.y.1,C,16,2016/07/11 10:22,2016/08/26 15:35
888,02367,ADS,1.3.3.x.3.y.1,C,20,2016/07/11 10:12,2016/08/26 15:30
889,02471,ADS,1.2.x.y.1.1,C,6,2016/07/11 08:49,2016/07/26 08:49
890,02471,ADS,1.3.3.x.3.y.1,C,7,2016/07/11 08:35,2016/07/11 12:52
891,02471,ADS,1.3.3.x.3.y.1,C,11,2016/07/11 08:17,2016/07/11 12:52
892,02392,ADS,1.3.3.x.3.y.1,C,10,2016/07/08 14:32,2016/09/26 14:11
893,02247,ADS,1.3.3.x.3.y.1,C,7,2016/07/08 10:42,2016/07/25 14:08
894,02247,ADS,1.3.3.x.3.y.1,C,21,2016/07/08 10:40,2016/07/14 16:10
895,02247,ADS,1.3.3.x.3.y.1,C,20,2016/07/08 10:35,2016/07/25 14:08
896,02247,ADS,1.3.1.x.y.1.1,C,2,2016/07/08 10:24,2016/07/14 08:32
897,02392,ADS,1.3.3.x.3.y.1,C,3,2016/07/07 15:39,2016/07/08 12:27
898,02392,ADS,1.3.3.x.2.y.1,C,12,2016/07/07 15:24,2016/09/09 11:05
899,02392,ADS,1.3.3.x.3.y.1,C,3,2016/07/07 09:26,2016/09/06 07:20
900,02471,ADS,1.3.3.x.3.y.1,C,8,2016/07/07 09:02,2016/08/01 11:15
901,02457,ADS,1.3.3.x.2.y.1,C,15,2016/07/05 15:54,2016/07/06 15:14
902,02457,ADS,1.3.3.x.3.y.1,C,4,2016/07/05 14:41,2016/09/15 16:02
903,02457,ADS,1.3.3.x.2.y.1,C,12,2016/07/05 14:13,2016/07/05 16:53
904,02457,ADS,1.1.1.x.1.1,C,10,2016/06/10 15:31,2016/07/08 13:08
905,02457,ADS,1.3.3.x.3.y.1,C,15,2016/07/05 14:06,2016/07/08 12:28
906,02457,ADS,1.3.3.x.3.y.1,C,20,2016/06/30 09:31,2016/07/08 12:29
907,02392,ADS,1.3.3.x.3.y.1,C,22,2016/06/29 11:07,2016/09/06 07:15
908,02367,ADS,1.3.3.x.3.y.1,C,17,2016/06/28 12:07,2016/09/06 07:44
909,02247,ADS,1.3.3.x.3.y.1,C,19,2016/06/28 11:59,2016/09/01 08:05
910,02392,ADS,1.3.3.x.3.y.1,C,8,2016/06/28 11:51,2016/09/13 07:08
911,02247,ADS,1.7.x.1,C,22,2016/06/27 14:34,2016/08/30 14:33
912,02392,ADS,1.3.3.x.3.y.1,C,5,2016/06/24 14:25,2016/09/01 08:04
913,02392,ADS,1.3.3.x.3.y.1,C,3,2016/06/24 09:39,2016/09/12 14:07
914,02471,ADS,1.3.3.x.3.y.1,C,8,2016/06/24 09:25,2016/06/28 10:22
915,02471,ADS,1.3.3.x.2.y.1,C,14,2016/06/24 09:22,2016/07/12 15:33
916,02471,ADS,1.3.3.x.2.y.1,C,9,2016/06/24 09:15,2016/07/19 12:58
917,02392,ADS,1.3.3.x.3.y.1,C,4,2016/06/23 10:38,2016/07/11 12:53
918,02392,ADS,1.3.3.x.3.y.1,C,4,2016/06/23 10:32,2016/08/18 16:31
919,02367,ADS,1.3.3.x.3.y.1,C,8,2016/06/23 10:30,2016/10/04 12:12
920,02471,ADS,1.3.3.x.3.y.1,C,12,2016/06/23 08:56,2016/07/18 11:39
921,02247,ADS,1.3.3.x.3.y.1,C,1,2016/06/22 15:21,2016/07/26 08:50
922,02457,ADS,1.3.3.x.2.y.1,C,14,2016/06/22 15:05,2016/07/26 08:16
923,02457,ADS,1.3.3.x.2.y.1,C,10,2016/06/22 14:57,2016/08/22 11:11
924,02457,ADS,1.3.3.x.2.y.1,C,8,2016/06/22 14:45,2016/08/04 15:49
925,02457,ADS,1.3.3.x.3.y.1,C,3,2016/06/22 14:37,2016/06/23 15:54
926,02392,ADS,1.3.3.x.3.y.1,C,5,2016/06/22 14:18,2016/09/06 16:28
927,02392,ADS,1.3.3.x.2.y.1,C,21,2016/06/22 14:16,2016/09/07 10:47
928,02247,ADS,1.3.3.x.2.y.1,C,16,2016/06/22 13:47,2016/09/06 16:29
929,02392,ADS,1.3.3.x.2.y.1,C,21,2016/06/22 13:43,2016/08/09 15:49
930,02247,ADS,1.3.3.x.2.y.1,C,3,2016/06/22 13:34,2016/08/30 09:56
931,02367,ADS,1.1.2.x.y.1,C,5,2016/06/01 16:19,2016/06/22 09:43
932,02392,ADS,1.1.2.x.y.1,C,21,2016/06/22 08:10,2016/06/22 08:11
933,02392,ADS,1.3.3.x.2.y.1,C,22,2016/06/21 16:10,2016/08/26 09:21
934,02392,ADS,1.3.3.x.2.y.1,C,20,2016/06/21 16:03,2016/08/26 09:22
935,02247,ADS,1.3.3.x.3.y.1,C,19,2016/06/21 11:25,2016/09/23 10:31
936,02247,ADS,1.3.3.x.3.y.1,C,9,2016/06/21 11:24,2016/09/23 16:10
937,02247,ADS,1.3.3.x.3.y.1,C,1,2016/06/20 10:17,2016/07/18 11:40
938,02247,ADS,1.3.1.x.y.1.1,C,20,2016/06/20 10:16,2016/07/25 14:09
939,02247,ADS,1.3.3.x.3.y.1,C,5,2016/06/20 08:08,2016/09/23 16:11
940,02247,ADS,1.3.3.x.3.y.1,C,10,2016/06/20 08:06,2016/07/20 15:03
941,02392,ADS,1.3.3.x.2.y.1,C,10,2016/06/20 07:55,2016/07/21 14:34
942,02471,ADS,1.3.1.x.y.1.1,C,11,2016/06/19 23:07,2016/08/18 15:43
943,02471,ADS,1.3.3.x.3.y.1,C,18,2016/06/19 23:02,2016/07/05 10:00
944,02471,ADS,1.3.3.x.3.y.1,C,8,2016/06/19 22:56,2016/07/26 08:49
945,02471,ADS,1.3.3.x.2.y.1,C,8,2016/06/19 22:53,2016/07/18 13:07
946,02471,ADS,1.3.3.x.2.y.1,C,17,2016/06/19 22:47,2016/08/16 10:21
947,02471,ADS,1.3.3.x.3.y.1,C,19,2016/06/19 22:46,2016/07/21 08:12
948,02471,ADS,1.3.3.x.2.y.1,C,14,2016/06/19 22:42,2016/07/08 12:26
949,02471,ADS,1.3.3.x.3.y.1,C,8,2016/06/19 22:38,2016/07/08 12:26
950,02471,ADS,1.3.3.x.2.y.1,C,15,2016/06/19 22:35,2016/06/28 10:24
951,02471,ADS,1.3.3.x.2.y.1,C,16,2016/06/19 22:31,2016/07/26 14:47
952,02471,ADS,1.3.3.x.3.y.1,C,20,2016/06/19 22:23,2016/07/11 12:53
953,02471,ADS,1.3.3.x.3.y.1,C,1,2016/06/19 22:20,2016/09/07 15:29
954,02471,ADS,1.3.3.x.3.y.1,C,14,2016/06/19 22:19,2016/07/12 16:19
955,02471,ADS,1.3.3.x.2.y.1,C,10,2016/06/19 22:15,2016/07/18 13:07
956,02367,ADS,1.3.3.x.2.y.1,C,16,2016/06/19 22:10,2016/08/24 12:34
957,02471,ADS,1.3.3.x.3.y.1,C,10,2016/06/19 22:05,2016/07/18 11:41
958,02471,ADS,1.3.3.x.2.y.1,C,7,2016/06/19 22:01,2016/08/03 14:43
959,02471,ADS,1.3.3.x.2.y.1,C,15,2016/06/19 21:56,2016/07/19 15:32
960,02471,ADS,1.3.3.x.3.y.1,C,20,2016/06/19 21:50,2016/07/26 08:49
961,02471,ADS,1.3.3.x.3.y.1,C,12,2016/06/19 21:45,2016/09/02 09:34
962,02471,ADS,1.3.3.x.3.y.1,C,16,2016/06/19 21:44,2016/07/25 14:07
963,02471,ADS,1.3.3.x.3.y.1,C,19,2016/06/19 21:33,2016/08/09 09:05
964,02471,ADS,1.2.x.y.1.1,C,11,2016/06/19 21:32,2016/07/28 08:57
965,02392,ADS,1.3.3.x.2.y.1,C,20,2016/06/17 15:15,2016/07/26 08:17
966,02392,ADS,1.3.3.x.2.y.1,C,18,2016/06/17 15:15,2016/07/18 13:23
967,02392,ADS,1.3.3.x.2.y.1,C,10,2016/06/17 14:44,2016/08/09 13:52
968,02392,ADS,1.3.3.x.2.y.1,C,19,2016/06/17 14:06,2016/08/09 13:53
969,02367,ADS,1.3.3.x.2.y.1,C,9,2016/06/17 11:11,2016/07/21 14:33
970,02367,ADS,1.3.3.x.3.y.1,C,18,2016/06/17 10:45,2016/06/23 15:54
971,02517,ADS,1.5.x.y.3,C,22,2016/06/17 10:12,2016/10/04 15:03
972,02517,ADS,1.3.3.x.2.y.1,C,7,2016/06/17 10:09,2016/10/04 08:20
973,02392,ADS,1.3.3.x.3.y.1,C,16,2016/06/16 13:13,2016/09/06 14:39
974,02392,ADS,1.3.3.x.3.y.1,C,8,2016/06/16 13:12,2016/09/09 14:26
975,02392,ADS,1.3.3.x.3.y.1,C,10,2016/06/16 13:10,2016/08/25 08:13
976,02247,ADS,1.3.3.x.2.y.1,C,3,2016/06/16 13:00,2016/08/29 11:38
977,02471,ADS,1.3.3.x.3.y.1,C,15,2016/06/16 10:19,2016/06/28 10:22
978,02392,ADS,1.3.3.x.2.y.1,C,8,2016/06/16 10:14,2016/08/09 13:54
979,02392,ADS,1.3.3.x.2.y.1,C,17,2016/06/16 10:11,2016/08/26 15:33
980,02392,ADS,1.3.3.x.2.y.1,C,21,2016/06/16 10:08,2016/08/01 15:04
981,02392,ADS,1.3.3.x.3.y.1,C,15,2016/06/16 10:04,2016/08/26 15:32
982,02247,ADS,1.3.3.x.3.y.1,C,12,2016/06/15 10:43,2016/07/25 14:08
983,02247,ADS,1.3.3.x.3.y.1,C,16,2016/06/15 10:31,2016/09/01 07:59
984,02471,ADS,1.3.3.x.3.y.1,C,5,2016/06/14 17:11,2016/07/28 15:36
985,02247,ADS,1.3.3.x.3.y.1,C,9,2016/06/14 15:12,2016/06/20 16:08
986,02247,ADS,1.3.3.x.3.y.1,C,18,2016/06/10 09:28,2016/09/23 10:30
987,02392,ADS,1.3.3.x.3.y.1,C,10,2016/06/06 10:54,2016/06/27 10:00
988,02392,ADS,1.3.3.x.3.y.1,C,16,2016/06/06 10:53,2016/06/28 10:22
989,02392,ADS,1.3.3.x.3.y.1,C,18,2016/06/09 15:33,2016/09/28 13:24
990,02392,ADS,1.3.3.x.3.y.1,C,12,2016/06/09 15:09,2016/06/20 16:08
991,02471,ADS,1.3.3.x.3.y.1,C,18,2016/06/09 14:30,2016/06/22 14:55
992,02367,ADS,1.3.3.x.2.y.1,C,3,2016/06/09 10:09,2016/08/01 15:07
993,02367,ADS,1.3.3.x.3.y.1,C,4,2016/06/09 10:08,2016/06/17 13:49
994,02457,ADS,1.3.3.x.3.y.1,C,22,2016/06/06 14:23,2016/07/05 16:52
995,02392,ADS,1.3.3.x.3.y.1,C,21,2016/06/06 13:22,2016/09/01 09:48
996,02471,ADS,1.3.3.x.2.y.1,C,15,2016/06/06 08:33,2016/07/12 15:32
997,02471,ADS,1.3.3.x.2.y.1,C,10,2016/06/03 08:13,2016/07/19 07:56
998,02367,ADS,1.3.1.x.y.1.1,C,16,2016/05/26 11:25,2016/09/01 09:37
999,02367,ADS,1.3.3.x.2.y.1,C,22,2016/05/26 11:09,2016/08/15 07:59
1000,02367,ADS,1.3.3.x.2.y.1,C,6,2016/05/26 11:09,2016/06/28 10:23
