Project_Product_ID,WBS_Project_Product_ID,Status,Bug_hours,Created,Updated
27,184,C,21,2016/09/08 11:28,2016/09/20 10:11
23,161,C,4,2016/09/07 07:43,2016/09/14 08:30
23,160,C,19,2016/09/06 13:15,2016/09/15 10:28
27,185,C,12,2016/09/06 10:19,2016/09/14 14:29
27,185,C,4,2016/08/23 16:47,2016/09/06 15:49
27,184,C,18,2016/08/09 16:48,2016/08/25 16:07
27,184,C,10,2016/08/09 12:42,2016/08/30 17:34
27,183,C,20,2016/08/01 17:24,2016/09/06 15:51
18,142,C,19,2016/07/26 15:13,2016/08/31 11:17
27,185,C,7,2016/07/26 14:01,2016/08/26 14:44
18,142,C,18,2016/07/26 10:28,2016/09/06 15:27
27,185,C,18,2016/07/26 10:22,2016/09/06 15:22
27,185,C,21,2016/07/25 14:49,2016/08/26 14:54
27,182,C,16,2016/07/25 12:31,2016/07/28 10:54
37,222,C,13,2016/06/27 16:45,2016/07/22 12:24
37,221,C,13,2016/07/01 10:42,2016/09/02 16:21
37,221,C,15,2016/06/30 16:15,2016/08/01 16:19
18,142,C,7,2016/06/28 14:53,2016/08/31 12:00
37,222,C,20,2016/06/24 15:08,2016/07/14 13:04
27,184,C,6,2016/06/22 09:03,2016/08/30 16:45
27,184,C,19,2016/06/22 08:57,2016/08/30 16:42
27,184,C,22,2016/06/14 10:20,2016/09/01 15:04
27,184,C,5,2016/06/14 10:17,2016/09/01 15:00
27,184,C,7,2016/06/14 09:37,2016/08/01 13:09
27,184,C,8,2016/06/13 08:13,2016/09/01 14:56
27,184,C,22,2016/06/13 08:07,2016/08/30 16:20
27,185,C,18,2016/06/13 08:03,2016/06/20 14:16
27,185,C,4,2016/05/31 11:29,2016/09/06 15:24
27,185,C,1,2016/05/27 15:08,2016/06/20 16:09
27,183,C,19,2016/05/27 15:07,2016/06/20 15:49
37,221,C,2,2016/05/25 14:13,2016/09/02 16:24
37,222,C,9,2016/05/25 14:11,2016/09/08 08:02
37,222,C,16,2016/05/25 14:08,2016/09/02 16:20
37,221,C,10,2016/05/25 14:06,2016/09/02 16:20
18,143,C,17,2016/05/24 15:24,2016/09/21 12:42
18,142,C,18,2016/05/24 15:23,2016/09/07 15:31
27,184,C,8,2016/05/24 15:06,2016/09/02 11:34
27,184,C,3,2016/05/24 15:05,2016/08/01 13:13
27,184,C,17,2016/05/24 14:56,2016/09/01 14:49
27,185,C,2,2016/05/24 14:55,2016/08/30 15:59
27,185,C,11,2016/05/24 14:53,2016/09/01 14:48
27,185,C,9,2016/05/24 10:00,2016/06/30 10:34
27,184,C,1,2016/05/23 15:26,2016/06/21 14:53
37,222,C,20,2016/05/20 11:59,2016/06/21 10:51
37,221,C,8,2016/05/19 11:22,2016/09/02 16:23
37,221,C,18,2016/05/19 11:21,2016/09/02 16:22
37,222,C,2,2016/05/19 11:20,2016/09/02 16:14
37,222,C,14,2016/05/19 11:20,2016/09/02 16:16
37,222,C,10,2016/05/19 11:18,2016/09/02 15:52
37,222,C,20,2016/05/19 11:17,2016/09/02 16:19
37,221,C,12,2016/05/19 11:16,2016/09/02 16:15
37,221,C,13,2016/05/18 16:14,2016/06/21 10:32
27,184,C,20,2016/05/18 11:33,2016/06/21 14:46
37,221,C,18,2016/05/18 08:22,2016/06/15 16:47
27,186,C,16,2016/05/13 15:56,2016/09/21 12:20
23,160,C,2,2016/05/12 16:08,2016/09/08 16:00
23,161,C,16,2016/05/12 13:56,2016/08/24 16:35
23,161,C,10,2016/05/12 13:56,2016/08/16 17:20
23,161,C,5,2016/05/12 13:50,2016/07/27 16:35
23,161,C,1,2016/05/12 13:50,2016/06/30 10:31
27,184,C,16,2016/05/12 11:33,2016/09/07 15:27
27,184,C,6,2016/05/12 11:33,2016/08/24 16:34
27,182,C,10,2016/05/12 11:32,2016/08/10 15:12
27,184,C,16,2016/05/12 11:31,2016/07/27 15:27
27,184,C,1,2016/05/12 11:31,2016/07/26 14:30
27,183,C,7,2016/05/12 11:30,2016/06/30 10:31
27,181,C,21,2016/05/12 11:29,2016/06/20 10:49
29,189,C,3,2016/05/12 11:20,2016/07/27 16:34
23,161,C,10,2016/05/11 18:47,2016/09/07 15:30
23,160,C,6,2016/05/11 18:46,2016/08/02 11:49
23,160,C,22,2016/05/11 18:45,2016/08/09 09:35
27,184,C,5,2016/05/11 16:08,2016/09/07 15:27
27,184,C,22,2016/05/11 16:07,2016/08/24 16:34
27,184,C,3,2016/05/11 16:06,2016/07/27 15:28
27,184,C,14,2016/05/11 16:04,2016/06/21 13:41
27,184,C,4,2016/05/11 16:04,2016/06/17 11:53
27,185,C,1,2016/05/11 16:01,2016/06/16 16:33
37,221,C,8,2016/05/11 15:33,2016/08/02 17:49
18,142,C,2,2016/05/11 15:20,2016/08/31 11:28
18,142,C,7,2016/05/11 14:46,2016/08/31 08:53
23,160,C,10,2016/05/11 13:11,2016/08/16 17:18
23,160,C,10,2016/05/11 13:08,2016/06/17 11:53
27,184,C,21,2016/05/11 12:39,2016/09/13 15:17
27,184,C,17,2016/05/11 12:38,2016/09/06 13:08
27,184,C,10,2016/05/11 12:37,2016/08/03 11:27
27,185,C,8,2016/05/11 12:32,2016/06/21 08:19
27,184,C,10,2016/05/11 12:30,2016/06/17 11:52
27,185,C,2,2016/05/11 12:23,2016/09/21 16:12
27,185,C,13,2016/05/11 12:20,2016/09/22 13:17
37,221,C,18,2016/05/11 11:45,2016/07/25 11:14
23,160,C,16,2016/05/11 11:27,2016/09/27 10:42
23,161,C,12,2016/05/11 11:20,2016/06/16 16:46
27,185,C,14,2016/05/11 09:44,2016/09/07 15:28
27,184,C,15,2016/05/11 09:44,2016/08/30 17:55
27,184,C,1,2016/05/11 09:43,2016/07/27 15:28
27,184,C,13,2016/05/11 09:43,2016/07/26 13:55
27,185,C,1,2016/05/11 09:43,2016/06/30 10:34
29,188,C,15,2016/05/11 08:54,2016/06/30 10:30
27,185,C,8,2016/05/10 15:57,2016/06/21 08:20
37,221,C,3,2016/04/27 09:39,2016/09/02 16:18
37,221,C,6,2016/04/27 09:37,2016/09/06 15:14
37,221,C,13,2016/04/27 09:36,2016/09/02 16:09
27,184,C,1,2016/04/27 09:04,2016/08/30 15:43
27,184,C,15,2016/04/27 08:55,2016/08/31 09:06
27,184,C,20,2016/04/19 10:46,2016/08/30 15:31
37,221,C,15,2016/04/18 10:21,2016/09/02 15:50
27,184,C,12,2016/04/18 09:25,2016/06/21 15:47
27,185,C,5,2016/04/18 09:23,2016/06/16 15:57
37,221,C,2,2016/04/13 13:16,2016/09/08 08:02
18,142,C,20,2016/04/11 11:32,2016/06/16 16:39
18,142,C,17,2016/08/15 11:27,2016/08/31 16:35
18,142,C,7,2016/08/09 10:15,2016/08/19 15:25
18,142,C,5,2016/08/02 10:05,2016/08/19 15:25
22,158,C,5,2016/09/06 17:27,2016/09/06 17:28
26,180,C,16,2016/09/02 08:35,2016/09/07 11:30
17,138,C,22,2016/09/01 20:43,2016/10/05 10:32
17,139,C,18,2016/09/01 20:43,2016/09/27 11:34
17,140,C,6,2016/09/01 20:43,2016/09/23 20:12
26,179,C,22,2016/09/01 20:42,2016/09/27 15:48
36,218,C,15,2016/09/01 20:41,2016/10/05 21:03
17,138,C,22,2016/09/01 20:38,2016/09/30 19:29
17,139,C,16,2016/09/01 20:38,2016/09/21 09:10
17,139,C,14,2016/09/01 20:38,2016/09/29 20:32
17,137,C,12,2016/09/01 20:38,2016/09/27 15:45
17,138,C,21,2016/09/01 20:38,2016/09/15 17:47
17,138,C,6,2016/09/01 20:38,2016/09/23 20:14
17,139,C,4,2016/09/01 20:38,2016/09/23 20:13
17,139,C,15,2016/09/01 20:38,2016/09/20 19:22
17,138,C,16,2016/09/01 20:38,2016/09/21 11:52
17,139,C,5,2016/09/01 20:38,2016/09/20 19:21
17,138,C,9,2016/09/01 20:38,2016/09/19 11:26
17,138,C,10,2016/09/01 20:38,2016/09/21 11:50
17,138,C,17,2016/09/01 20:38,2016/09/29 14:33
17,138,C,21,2016/09/01 20:38,2016/09/23 20:13
17,138,C,9,2016/09/01 20:38,2016/09/19 11:26
17,138,C,2,2016/09/01 20:38,2016/09/15 17:46
17,138,C,1,2016/09/01 20:38,2016/09/21 11:49
36,218,C,4,2016/08/24 11:01,2016/08/31 20:55
26,178,C,10,2016/08/23 22:56,2016/10/05 20:58
26,178,C,8,2016/08/23 22:56,2016/10/05 20:57
26,180,C,5,2016/08/23 22:55,2016/10/04 12:21
26,179,C,1,2016/08/23 22:55,2016/10/05 11:40
22,157,C,15,2016/08/23 22:55,2016/09/23 20:15
26,178,C,5,2016/08/23 22:54,2016/09/07 10:56
26,178,C,2,2016/08/23 22:54,2016/09/09 21:37
26,178,C,5,2016/08/23 22:54,2016/09/07 11:15
17,138,C,3,2016/08/23 22:54,2016/09/06 12:10
17,138,C,3,2016/08/23 14:50,2016/09/23 20:16
17,140,C,14,2016/08/23 11:22,2016/09/23 20:11
36,219,C,9,2016/08/23 09:26,2016/09/07 11:31
26,179,C,4,2016/08/18 15:21,2016/09/15 16:55
36,218,C,21,2016/08/18 15:21,2016/10/03 10:41
26,179,C,17,2016/08/18 15:18,2016/09/06 14:48
22,157,C,8,2016/08/11 17:36,2016/08/31 17:27
22,155,C,21,2016/08/11 17:34,2016/08/31 17:39
22,157,C,12,2016/08/11 15:19,2016/08/31 17:27
22,158,C,12,2016/08/11 15:16,2016/09/01 12:51
36,219,C,15,2016/08/11 07:22,2016/09/20 15:53
36,219,C,17,2016/08/10 18:41,2016/08/31 17:32
26,178,C,8,2016/08/10 11:41,2016/09/13 13:05
26,179,C,3,2016/08/10 11:40,2016/08/31 17:26
36,218,C,4,2016/08/10 10:05,2016/09/14 20:21
36,219,C,9,2016/08/10 09:59,2016/08/31 17:32
17,140,C,22,2016/08/09 18:24,2016/09/07 11:27
26,179,C,11,2016/08/09 12:13,2016/08/31 17:27
36,219,C,14,2016/08/09 09:56,2016/09/06 14:31
36,220,C,18,2016/08/03 13:01,2016/09/01 11:46
22,157,C,1,2016/07/29 17:46,2016/08/31 17:32
26,180,C,9,2016/07/27 14:52,2016/09/16 20:28
17,139,C,17,2016/07/26 19:27,2016/09/14 18:40
28,187,C,22,2016/07/21 20:03,2016/08/31 17:26
36,219,C,12,2016/07/19 23:59,2016/08/31 17:32
26,178,C,19,2016/07/19 23:58,2016/08/31 17:26
26,179,C,20,2016/07/19 23:58,2016/08/31 17:26
26,179,C,1,2016/07/19 23:58,2016/09/14 20:18
26,179,C,6,2016/07/19 23:58,2016/09/06 14:36
26,178,C,13,2016/07/19 23:58,2016/08/31 17:26
22,159,C,1,2016/07/19 23:58,2016/09/20 15:47
26,178,C,7,2016/07/19 23:58,2016/08/31 17:25
17,138,C,1,2016/07/19 23:57,2016/08/31 17:16
17,138,C,8,2016/07/19 23:57,2016/08/31 17:16
17,139,C,5,2016/07/19 23:57,2016/09/02 12:26
17,138,C,16,2016/07/19 23:57,2016/09/21 11:54
17,139,C,17,2016/07/19 23:57,2016/08/31 17:17
17,138,C,8,2016/07/19 23:57,2016/08/31 17:16
17,141,C,12,2016/07/19 23:57,2016/08/31 17:16
17,139,C,4,2016/07/19 23:57,2016/09/06 14:37
17,139,C,9,2016/07/19 23:57,2016/10/03 22:33
17,138,C,4,2016/07/19 23:57,2016/09/29 20:30
17,139,C,20,2016/07/19 23:57,2016/09/14 20:18
17,139,C,17,2016/07/19 23:57,2016/09/14 20:19
17,141,C,7,2016/07/19 23:57,2016/08/31 17:16
28,187,C,5,2016/07/19 23:57,2016/09/16 20:26
28,187,C,15,2016/07/19 23:57,2016/09/16 14:14
17,141,C,8,2016/07/19 23:57,2016/08/31 17:16
26,178,C,17,2016/07/19 10:18,2016/08/31 17:27
17,136,C,3,2016/07/14 13:24,2016/08/31 17:41
17,138,C,16,2016/07/14 01:15,2016/08/31 17:17
17,138,C,6,2016/07/14 00:28,2016/08/31 17:17
17,141,C,8,2016/07/14 00:18,2016/08/31 17:16
17,138,C,8,2016/07/13 22:57,2016/09/07 11:25
17,139,C,4,2016/07/11 11:37,2016/08/31 17:41
36,218,C,15,2016/07/08 20:15,2016/08/31 17:26
36,218,C,12,2016/07/08 20:15,2016/08/31 17:26
26,178,C,20,2016/07/08 20:15,2016/08/31 17:26
26,178,C,22,2016/07/08 20:15,2016/08/31 17:26
26,179,C,7,2016/07/08 20:15,2016/08/31 17:27
26,179,C,18,2016/07/08 20:15,2016/08/31 17:26
26,176,C,16,2016/07/08 20:15,2016/08/31 17:26
22,158,C,12,2016/07/08 20:15,2016/09/06 14:50
26,176,C,22,2016/07/08 20:15,2016/08/31 17:27
26,178,C,19,2016/07/08 20:15,2016/08/31 17:27
26,178,C,5,2016/07/08 20:15,2016/08/31 17:26
26,178,C,9,2016/07/08 20:15,2016/08/31 17:26
26,178,C,2,2016/07/08 20:15,2016/08/31 17:25
26,178,C,2,2016/07/08 20:15,2016/08/31 17:26
26,178,C,18,2016/07/08 20:15,2016/08/31 17:27
26,178,C,13,2016/07/08 20:15,2016/08/31 17:26
26,179,C,22,2016/07/08 20:15,2016/08/31 17:25
26,178,C,16,2016/07/08 20:15,2016/08/31 17:27
22,158,C,12,2016/07/08 20:15,2016/08/31 17:27
36,219,C,7,2016/07/08 20:14,2016/08/31 17:32
36,218,C,12,2016/07/08 20:14,2016/08/31 17:31
17,141,C,22,2016/07/08 20:13,2016/08/31 17:16
17,138,C,8,2016/07/08 20:13,2016/08/31 17:17
17,138,C,2,2016/06/30 18:34,2016/08/31 17:41
17,138,C,4,2016/06/30 18:32,2016/08/31 17:41
36,218,C,10,2016/06/29 16:51,2016/08/31 17:32
36,216,C,4,2016/06/29 07:55,2016/08/31 17:31
22,157,C,12,2016/06/28 23:23,2016/09/06 14:28
28,187,C,13,2016/06/28 23:23,2016/10/05 17:00
26,178,C,9,2016/06/28 23:23,2016/09/19 11:26
26,180,C,1,2016/06/28 23:23,2016/09/20 14:31
26,178,C,10,2016/06/28 23:23,2016/08/31 17:26
26,176,C,18,2016/06/28 23:23,2016/08/31 17:26
26,179,C,12,2016/06/28 23:23,2016/08/31 17:26
22,157,C,6,2016/06/28 23:23,2016/08/31 17:26
36,218,C,20,2016/06/28 23:23,2016/08/31 17:26
22,158,C,9,2016/06/28 23:23,2016/08/31 17:27
36,218,C,22,2016/06/28 23:22,2016/08/31 17:32
36,218,C,2,2016/06/28 23:22,2016/08/31 17:32
36,218,C,3,2016/06/28 23:22,2016/08/31 17:32
36,219,C,5,2016/06/28 23:21,2016/08/31 17:32
36,216,C,16,2016/06/28 23:21,2016/08/31 17:32
22,157,C,6,2016/06/28 23:21,2016/08/31 17:32
28,187,C,6,2016/06/28 23:20,2016/09/21 11:53
26,178,C,5,2016/06/28 15:59,2016/08/31 17:27
26,178,C,8,2016/06/28 15:57,2016/08/31 17:26
36,216,C,18,2016/06/24 13:33,2016/08/31 17:32
26,178,C,15,2016/06/23 15:09,2016/08/31 17:27
17,141,C,4,2016/06/20 19:15,2016/08/31 17:16
17,138,C,22,2016/06/20 19:13,2016/08/31 17:41
26,178,C,11,2016/06/20 16:59,2016/08/31 17:35
36,216,C,10,2016/06/16 12:35,2016/08/31 17:31
36,216,C,5,2016/06/16 12:35,2016/08/31 17:32
17,138,C,16,2016/06/16 12:35,2016/08/31 17:41
22,158,C,8,2016/06/16 12:35,2016/08/31 17:16
17,138,C,11,2016/06/15 23:39,2016/08/31 17:16
17,138,C,19,2016/06/15 23:39,2016/08/31 17:17
17,138,C,13,2016/06/15 23:39,2016/08/31 17:17
17,139,C,12,2016/06/15 23:39,2016/08/31 17:17
17,141,C,14,2016/06/15 23:39,2016/08/31 17:17
17,138,C,22,2016/06/15 23:38,2016/08/31 17:41
17,139,C,18,2016/06/15 23:38,2016/08/31 17:41
17,139,C,12,2016/06/15 23:38,2016/08/31 17:41
17,139,C,19,2016/06/15 23:38,2016/08/31 17:41
17,139,C,20,2016/06/15 23:38,2016/08/31 17:41
22,157,C,1,2016/06/10 20:45,2016/10/05 21:01
22,157,C,19,2016/06/10 20:45,2016/10/12 15:11
26,178,C,20,2016/06/10 20:44,2016/08/31 17:35
26,178,C,12,2016/06/10 20:44,2016/08/31 17:35
26,178,C,18,2016/06/10 20:43,2016/08/31 17:25
26,178,C,22,2016/06/10 20:43,2016/08/31 17:26
22,158,C,16,2016/06/10 20:43,2016/08/31 17:26
26,178,C,20,2016/06/10 20:43,2016/08/31 17:26
22,157,C,13,2016/06/10 20:43,2016/08/31 17:26
36,218,C,11,2016/06/10 20:43,2016/09/20 16:43
22,157,C,6,2016/06/10 20:43,2016/10/12 14:54
26,178,C,3,2016/06/10 20:43,2016/08/31 17:25
17,138,C,12,2016/06/10 20:42,2016/08/31 17:17
17,139,C,18,2016/06/10 20:42,2016/10/05 11:50
17,139,C,14,2016/06/10 20:42,2016/10/05 11:49
17,138,C,21,2016/06/10 20:42,2016/08/31 17:16
17,140,C,18,2016/06/10 20:42,2016/09/06 14:45
17,138,C,10,2016/06/10 20:42,2016/08/31 17:16
17,138,C,19,2016/06/10 20:42,2016/08/31 17:16
17,141,C,4,2016/06/10 20:42,2016/08/31 17:16
17,138,C,7,2016/06/10 20:42,2016/08/31 17:17
26,179,C,21,2016/06/10 20:42,2016/08/31 17:17
22,158,C,10,2016/06/10 20:42,2016/08/31 17:16
17,139,C,22,2016/06/09 22:50,2016/08/31 17:41
17,139,C,5,2016/06/09 22:50,2016/08/31 17:41
17,139,C,22,2016/06/09 22:50,2016/08/31 17:41
17,139,C,1,2016/06/09 22:50,2016/08/31 17:41
17,138,C,11,2016/06/09 22:50,2016/08/31 17:41
17,138,C,7,2016/06/09 22:50,2016/08/31 17:41
17,138,C,15,2016/06/09 22:50,2016/08/31 17:41
17,138,C,6,2016/06/09 22:50,2016/08/31 17:41
17,138,C,12,2016/06/09 22:50,2016/08/31 17:41
17,139,C,6,2016/06/09 22:50,2016/08/31 17:41
26,179,C,6,2016/06/09 22:50,2016/08/31 17:41
17,140,C,10,2016/06/09 22:50,2016/08/31 17:41
17,140,C,20,2016/06/09 22:50,2016/08/31 17:41
22,158,C,9,2016/06/09 22:50,2016/08/31 17:41
17,139,C,18,2016/06/09 22:50,2016/08/31 17:41
26,179,C,18,2016/06/09 15:08,2016/08/31 17:26
26,178,C,6,2016/06/09 15:07,2016/08/31 17:25
26,176,C,17,2016/06/09 15:06,2016/08/31 17:27
26,177,C,5,2016/06/09 15:06,2016/08/31 17:26
26,179,C,1,2016/06/09 15:05,2016/08/31 17:26
22,158,C,5,2016/06/08 09:52,2016/09/09 10:56
22,157,C,10,2016/06/08 09:50,2016/09/08 21:15
22,158,C,2,2016/06/08 09:41,2016/09/20 14:30
22,157,C,6,2016/06/08 09:15,2016/09/09 21:39
22,157,C,17,2016/06/08 09:13,2016/09/09 21:38
17,138,C,22,2016/06/07 16:54,2016/08/31 17:17
22,158,C,13,2016/06/07 09:14,2016/10/05 11:51
17,139,C,2,2016/06/07 08:21,2016/08/31 17:16
22,158,C,1,2016/06/07 08:19,2016/08/31 17:41
17,136,C,1,2016/06/03 17:52,2016/08/31 17:17
22,158,C,9,2016/06/03 17:52,2016/08/31 17:16
26,179,C,19,2016/06/03 17:51,2016/09/16 20:25
36,218,C,12,2016/06/03 17:51,2016/10/05 21:00
36,216,C,20,2016/06/03 17:51,2016/08/31 17:26
22,158,C,6,2016/06/03 17:51,2016/09/27 15:47
22,158,C,1,2016/06/03 17:51,2016/08/31 17:27
22,158,C,13,2016/06/03 17:51,2016/10/05 11:51
36,218,C,14,2016/06/03 17:51,2016/09/14 20:21
36,218,C,4,2016/06/03 17:51,2016/08/31 17:27
36,219,C,12,2016/06/03 17:51,2016/08/31 17:26
36,218,C,5,2016/06/03 17:51,2016/08/31 17:27
36,218,C,18,2016/06/03 17:51,2016/08/31 17:27
36,219,C,2,2016/06/03 17:51,2016/08/31 17:26
26,176,C,8,2016/06/03 17:51,2016/08/31 17:27
26,179,C,11,2016/06/03 17:51,2016/08/31 17:26
22,158,C,4,2016/06/03 17:51,2016/09/06 15:17
22,158,C,19,2016/06/03 17:51,2016/09/08 21:17
26,179,C,9,2016/06/03 17:51,2016/08/31 17:26
36,218,C,12,2016/06/03 17:42,2016/08/31 17:32
36,216,C,6,2016/06/03 17:42,2016/08/31 17:31
36,218,C,8,2016/06/03 17:42,2016/08/31 17:32
36,218,C,3,2016/06/03 17:42,2016/08/31 17:32
36,216,C,13,2016/06/03 17:42,2016/08/31 17:32
36,216,C,13,2016/06/03 17:42,2016/08/31 17:32
36,217,C,1,2016/06/03 17:42,2016/08/31 17:32
36,219,C,10,2016/06/03 17:41,2016/09/08 21:16
36,219,C,7,2016/06/03 17:41,2016/09/06 16:12
36,219,C,15,2016/06/02 23:29,2016/08/31 17:32
26,179,C,5,2016/06/02 23:27,2016/08/31 17:35
36,219,C,15,2016/05/31 23:34,2016/08/31 17:32
22,158,C,18,2016/05/31 22:50,2016/08/31 17:32
17,139,C,21,2016/05/31 13:29,2016/08/31 17:17
26,178,C,22,2016/05/20 15:46,2016/08/31 17:26
26,176,C,11,2016/05/20 15:45,2016/08/31 17:27
26,179,C,6,2016/05/20 15:39,2016/08/31 17:35
36,219,C,22,2016/05/20 15:33,2016/08/31 17:32
26,178,C,11,2016/05/19 22:17,2016/09/01 12:18
26,180,C,9,2016/05/19 22:17,2016/09/01 12:18
26,178,C,7,2016/05/19 22:17,2016/09/01 12:17
26,178,C,21,2016/05/19 22:17,2016/09/01 12:17
22,159,C,1,2016/04/26 09:50,2016/09/01 12:11
22,158,C,21,2016/04/14 21:11,2016/09/20 18:50
36,218,C,12,2016/04/14 21:11,2016/09/09 21:40
36,218,C,2,2016/04/14 21:10,2016/08/31 17:31
36,218,C,6,2016/04/14 21:10,2016/09/01 12:12
36,219,C,5,2016/04/01 12:23,2016/08/31 17:32
36,220,C,14,2016/04/01 12:23,2016/09/06 15:39
28,187,C,1,2016/04/01 12:02,2016/08/31 17:27
26,178,C,12,2016/04/01 12:02,2016/08/31 17:26
26,178,C,6,2016/04/01 12:02,2016/08/31 17:26
28,187,C,4,2016/03/24 22:01,2016/08/31 17:17
36,218,C,5,2016/03/22 22:18,2016/08/31 17:26
26,178,C,11,2016/03/22 22:18,2016/08/31 17:26
22,157,C,10,2016/03/22 22:18,2016/10/05 21:02
22,158,C,12,2016/03/22 22:18,2016/08/31 17:26
22,158,C,7,2016/03/22 22:18,2016/08/31 17:27
26,179,C,1,2016/03/22 22:18,2016/08/31 17:26
26,179,C,19,2016/03/22 22:18,2016/08/31 17:26
26,178,C,10,2016/03/22 22:18,2016/08/31 17:27
26,179,C,17,2016/03/22 22:18,2016/08/31 17:26
22,157,C,7,2016/03/22 22:18,2016/08/31 17:26
17,139,C,19,2016/03/22 22:13,2016/09/20 15:49
17,139,C,11,2016/03/22 22:13,2016/10/03 22:31
17,138,C,17,2016/03/22 22:13,2016/09/09 21:36
17,138,C,12,2016/03/22 22:13,2016/09/30 19:30
17,139,C,9,2016/03/22 22:13,2016/08/31 17:17
17,139,C,8,2016/03/22 22:13,2016/09/14 17:25
17,139,C,17,2016/03/22 22:13,2016/08/31 17:16
17,139,C,9,2016/03/22 22:13,2016/09/07 11:31
17,137,C,22,2016/03/22 22:13,2016/08/31 17:17
22,158,C,10,2016/03/22 17:57,2016/10/05 11:44
22,158,C,18,2016/03/22 17:57,2016/10/05 11:41
22,158,C,13,2016/03/22 17:57,2016/09/20 18:51
22,158,C,3,2016/03/22 17:57,2016/08/31 17:32
22,157,C,1,2016/03/22 17:57,2016/10/05 20:55
26,179,C,22,2016/03/22 17:17,2016/08/31 17:35
26,176,C,15,2016/03/22 17:17,2016/08/31 17:35
26,178,C,9,2016/03/08 10:55,2016/08/31 17:26
22,157,C,14,2016/03/07 16:11,2016/08/31 17:35
22,158,C,5,2016/03/03 10:37,2016/09/06 14:35
36,219,C,5,2016/03/03 10:37,2016/08/31 17:32
36,219,C,21,2016/03/03 10:37,2016/08/31 17:32
36,218,C,9,2016/03/03 10:37,2016/08/31 17:31
22,157,C,13,2016/03/03 10:37,2016/09/01 12:13
36,219,C,2,2016/03/03 10:37,2016/08/31 17:32
36,218,C,17,2016/03/03 10:37,2016/08/31 17:32
22,156,C,11,2016/03/02 15:30,2016/08/31 17:27
22,158,C,19,2016/03/02 15:30,2016/10/06 16:03
22,157,C,16,2016/03/02 15:30,2016/09/14 20:23
26,178,C,9,2016/03/02 15:30,2016/08/31 17:26
26,178,C,11,2016/03/02 15:30,2016/08/31 17:25
22,157,C,21,2016/03/02 15:30,2016/08/31 17:26
26,178,C,3,2016/01/11 17:47,2016/08/31 17:26
26,178,C,17,2016/01/08 13:20,2016/08/31 17:26
26,179,C,1,2015/12/10 11:28,2016/08/31 17:32
22,157,C,3,2015/12/09 10:19,2016/09/29 20:31
36,218,C,16,2015/12/09 10:04,2016/08/31 17:26
22,158,C,17,2015/11/18 16:10,2016/10/06 17:41
26,178,C,7,2015/10/20 09:38,2016/08/31 17:27
26,179,C,19,2015/10/20 09:38,2016/08/31 17:26
26,176,C,13,2015/10/20 09:38,2016/08/31 17:26
26,176,C,12,2015/10/20 09:38,2016/08/31 17:26
26,176,C,9,2015/10/20 09:38,2016/08/31 17:26
22,157,C,11,2015/10/06 13:20,2016/09/08 21:13
22,158,C,20,2015/10/06 13:20,2016/08/31 17:27
26,176,C,11,2015/10/06 13:20,2016/08/31 17:26
22,157,C,7,2015/10/06 13:20,2016/08/31 17:26
22,157,C,12,2015/10/06 13:20,2016/08/31 17:26
22,157,C,20,2015/10/06 13:20,2016/08/31 17:26
22,157,C,12,2015/10/06 13:20,2016/08/31 17:27
26,180,C,19,2015/10/06 13:20,2016/10/06 17:41
35,214,C,17,2016/08/23 13:48,2016/09/01 10:41
32,198,C,4,2016/09/29 07:34,2016/10/03 18:55
32,201,C,1,2016/09/16 07:32,2016/09/27 18:35
32,197,C,16,2016/09/12 15:14,2016/09/14 13:07
32,198,C,16,2016/09/01 12:13,2016/09/27 14:10
32,198,C,4,2016/09/01 12:10,2016/09/14 08:04
32,197,C,2,2016/09/01 12:06,2016/09/26 18:02
32,198,C,15,2016/09/01 12:03,2016/09/28 14:23
32,197,C,11,2016/08/23 10:56,2016/09/20 10:27
32,198,C,12,2016/08/19 11:00,2016/08/31 12:33
32,197,C,9,2016/08/19 10:57,2016/08/30 08:33
32,201,C,18,2016/08/19 10:56,2016/09/28 13:18
32,197,C,20,2016/08/09 11:20,2016/08/09 11:21
32,197,C,9,2016/07/22 07:25,2016/08/19 08:45
32,197,C,18,2016/07/22 07:23,2016/08/19 08:44
32,195,C,10,2016/06/30 11:09,2016/07/22 07:27
32,198,C,4,2016/06/30 11:02,2016/07/26 12:30
32,197,C,4,2016/06/30 10:52,2016/10/04 09:19
32,197,C,12,2016/06/30 10:41,2016/09/29 10:33
32,198,C,13,2016/06/30 10:33,2016/09/02 12:38
32,196,C,22,2016/06/30 10:26,2016/08/11 08:29
32,197,C,19,2016/06/25 14:56,2016/08/11 08:30
32,198,C,15,2016/06/25 13:34,2016/07/11 11:27
32,198,C,3,2016/06/25 13:26,2016/08/19 08:43
32,197,C,11,2016/06/25 13:17,2016/09/28 18:17
32,198,C,21,2016/06/25 13:11,2016/08/19 11:14
32,198,C,18,2016/06/25 13:03,2016/08/19 10:35
32,197,C,7,2016/06/25 12:54,2016/09/14 12:25
32,197,C,2,2016/06/25 12:47,2016/06/28 12:35
32,195,C,21,2016/06/25 12:28,2016/07/11 08:12
32,197,C,2,2016/06/25 12:04,2016/09/14 13:36
32,198,C,11,2016/06/16 12:40,2016/09/08 07:35
32,197,C,9,2016/06/16 12:39,2016/09/15 13:22
32,197,C,18,2016/06/16 12:37,2016/09/27 16:47
32,198,C,22,2016/06/16 12:36,2016/09/28 18:07
32,201,C,18,2016/06/16 12:33,2016/09/14 08:09
32,197,C,14,2016/06/16 12:32,2016/08/11 08:34
32,198,C,8,2016/06/16 12:30,2016/09/14 08:01
32,197,C,11,2016/06/16 12:29,2016/09/27 18:21
32,197,C,8,2016/06/16 12:27,2016/09/27 17:36
32,197,C,10,2016/06/16 12:26,2016/08/11 08:35
32,197,C,9,2016/06/16 12:25,2016/09/16 11:26
32,197,C,3,2016/06/16 12:23,2016/09/15 17:44
32,198,C,13,2016/06/15 13:35,2016/08/23 10:43
32,197,C,12,2016/06/15 13:32,2016/08/11 08:37
32,197,C,5,2016/06/15 13:30,2016/08/09 10:36
32,198,C,11,2016/06/15 13:29,2016/08/23 10:45
32,197,C,5,2016/06/15 13:26,2016/08/11 08:39
32,198,C,3,2016/06/14 10:56,2016/06/16 14:37
25,175,C,3,2016/09/29 15:23,2016/10/04 16:17
25,173,C,13,2016/09/27 11:14,2016/10/04 16:18
39,226,C,9,2016/09/22 10:45,2016/09/27 10:54
39,227,C,18,2016/09/22 10:31,2016/09/27 11:16
3,12,C,21,2016/09/15 15:42,2016/09/19 12:43
20,151,C,18,2016/09/01 09:54,2016/09/06 16:52
35,215,C,12,2016/09/01 09:54,2016/10/07 13:06
20,152,C,17,2016/09/01 09:54,2016/10/04 11:41
35,213,C,8,2016/09/01 09:54,2016/09/06 08:28
20,151,C,4,2016/08/31 15:04,2016/10/13 14:45
39,226,C,2,2016/08/22 11:53,2016/09/06 13:58
39,226,C,1,2016/08/22 11:44,2016/09/06 14:01
3,12,C,4,2016/08/16 13:28,2016/08/16 16:54
3,12,C,3,2016/08/16 13:28,2016/09/20 14:46
20,151,C,16,2016/08/16 13:28,2016/09/20 14:38
35,213,C,18,2016/08/16 13:28,2016/09/20 10:36
3,14,C,9,2016/08/16 13:28,2016/09/20 14:37
35,213,C,1,2016/08/16 13:28,2016/10/07 13:17
35,213,C,17,2016/08/16 13:28,2016/09/01 07:12
20,152,C,8,2016/08/16 13:28,2016/08/22 14:24
35,214,C,17,2016/08/16 13:28,2016/09/21 08:55
20,149,C,3,2016/08/12 11:07,2016/08/23 16:21
20,151,C,12,2016/08/10 10:02,2016/10/13 14:43
3,12,C,19,2016/08/01 15:08,2016/09/13 12:04
35,214,C,5,2016/07/27 17:09,2016/09/14 06:23
35,211,C,1,2016/07/27 15:21,2016/08/23 16:26
35,214,C,11,2016/07/27 15:21,2016/09/06 08:34
3,13,C,5,2016/07/26 15:06,2016/07/27 11:51
35,213,C,10,2016/07/26 13:37,2016/09/06 16:53
3,12,C,3,2016/07/25 13:55,2016/07/26 14:48
3,12,C,9,2016/07/25 13:54,2016/07/26 14:33
3,12,C,20,2016/07/25 13:53,2016/07/26 14:05
3,14,C,8,2016/07/25 13:52,2016/10/13 13:40
3,12,C,14,2016/07/25 13:51,2016/10/13 14:21
3,12,C,4,2016/07/25 13:46,2016/10/13 12:39
3,12,C,17,2016/07/25 13:44,2016/09/07 13:20
3,13,C,14,2016/07/25 13:07,2016/07/25 13:58
3,12,C,2,2016/07/25 12:03,2016/08/11 08:46
25,172,C,20,2016/07/12 15:33,2016/09/22 19:49
25,172,C,2,2016/07/12 15:33,2016/09/12 07:18
25,172,C,10,2016/07/12 15:33,2016/09/06 16:54
25,173,C,13,2016/07/12 15:33,2016/09/14 06:25
25,172,C,8,2016/07/12 15:33,2016/07/27 14:41
25,173,C,2,2016/07/12 15:33,2016/10/13 09:03
25,173,C,15,2016/07/12 15:33,2016/09/06 08:34
25,173,C,12,2016/07/12 15:33,2016/09/06 08:35
25,173,C,9,2016/07/12 15:33,2016/09/09 12:31
25,172,C,10,2016/07/12 15:33,2016/09/14 14:09
25,172,C,7,2016/07/12 15:33,2016/09/06 16:55
25,173,C,17,2016/07/12 15:33,2016/10/13 09:00
25,172,C,1,2016/07/12 15:33,2016/09/06 08:33
25,172,C,5,2016/07/12 15:33,2016/08/30 21:32
25,172,C,15,2016/07/12 15:33,2016/08/01 21:16
25,172,C,3,2016/07/12 15:33,2016/09/14 06:29
25,173,C,12,2016/07/12 15:33,2016/09/06 08:37
25,172,C,10,2016/07/12 15:33,2016/10/13 09:52
25,173,C,14,2016/07/12 15:33,2016/09/14 06:29
25,173,C,14,2016/07/12 15:33,2016/09/14 06:24
35,214,C,4,2016/07/12 15:33,2016/09/06 16:55
3,13,C,12,2016/07/12 15:33,2016/09/20 16:24
20,151,C,16,2016/07/12 15:33,2016/10/04 11:33
35,214,C,8,2016/07/12 15:33,2016/10/04 16:18
20,151,C,7,2016/07/12 15:33,2016/09/22 19:39
3,12,C,11,2016/07/12 15:33,2016/09/22 20:05
3,12,C,10,2016/07/12 15:33,2016/09/14 06:27
20,150,C,11,2016/07/12 15:33,2016/10/04 16:18
20,151,C,20,2016/07/12 15:33,2016/09/20 16:51
35,213,C,10,2016/07/12 15:33,2016/09/14 06:27
3,13,C,17,2016/07/12 15:33,2016/09/22 20:22
3,13,C,12,2016/07/12 15:33,2016/09/22 20:16
35,214,C,5,2016/07/12 15:33,2016/09/20 14:22
3,12,C,13,2016/07/12 15:33,2016/09/14 06:27
35,214,C,19,2016/07/12 15:33,2016/10/04 16:19
35,213,C,13,2016/07/12 15:33,2016/09/19 13:10
35,214,C,22,2016/07/12 15:33,2016/09/06 16:56
35,214,C,12,2016/07/12 15:33,2016/09/06 15:34
35,213,C,5,2016/07/12 15:33,2016/09/20 16:51
3,13,C,8,2016/07/12 15:33,2016/09/06 16:56
35,213,C,21,2016/07/12 15:33,2016/10/04 16:20
35,215,C,9,2016/07/12 15:33,2016/09/06 15:40
35,213,C,17,2016/07/12 15:33,2016/09/20 15:12
35,213,C,5,2016/07/12 15:33,2016/09/06 15:34
3,12,C,3,2016/07/12 15:33,2016/07/27 14:41
35,213,C,20,2016/07/12 15:33,2016/08/30 21:29
39,226,C,20,2016/07/12 09:53,2016/08/04 10:50
39,226,C,17,2016/07/12 09:51,2016/08/04 10:46
39,227,C,4,2016/07/12 09:48,2016/09/20 14:26
35,209,C,18,2016/07/08 15:14,2016/07/12 17:19
3,12,C,12,2016/07/08 14:47,2016/10/13 06:15
35,213,C,8,2016/07/08 14:47,2016/08/01 21:13
41,229,C,12,2016/07/08 14:47,2016/07/26 06:59
3,12,C,1,2016/07/08 14:47,2016/08/11 08:46
3,12,C,18,2016/07/08 14:47,2016/08/11 08:47
3,12,C,14,2016/07/08 14:47,2016/08/11 08:47
3,9,C,15,2016/07/08 14:47,2016/08/11 08:47
35,213,C,19,2016/07/08 13:18,2016/08/25 09:53
35,213,C,14,2016/07/06 14:20,2016/07/12 07:42
3,12,C,6,2016/07/05 10:43,2016/07/27 14:41
3,12,C,8,2016/07/05 10:43,2016/09/22 13:46
35,213,C,1,2016/07/01 08:47,2016/08/25 09:52
20,152,C,7,2016/06/30 10:44,2016/08/08 13:56
35,213,C,6,2016/06/30 10:39,2016/07/24 19:04
35,213,C,10,2016/06/28 15:31,2016/09/20 15:45
35,214,C,13,2016/06/28 08:33,2016/07/26 06:59
35,214,C,16,2016/06/28 08:32,2016/07/26 17:31
35,213,C,3,2016/06/28 08:31,2016/07/24 19:04
35,214,C,19,2016/06/28 08:29,2016/07/26 06:54
35,214,C,17,2016/06/28 07:49,2016/08/09 07:39
32,197,C,7,2016/06/27 11:55,2016/10/04 09:17
32,198,C,10,2016/06/27 11:50,2016/08/11 08:48
3,128,C,10,2016/06/27 11:37,2016/07/12 16:53
35,213,C,16,2016/06/23 10:49,2016/08/30 21:32
35,212,C,14,2016/06/23 10:49,2016/09/06 08:40
35,214,C,5,2016/06/23 10:49,2016/07/12 15:44
35,214,C,19,2016/06/21 14:37,2016/08/02 13:59
35,214,C,12,2016/06/16 10:03,2016/06/21 21:11
35,214,C,11,2016/06/16 09:58,2016/06/21 21:12
35,214,C,17,2016/06/16 09:55,2016/08/26 13:37
35,214,C,11,2016/06/16 09:50,2016/08/26 11:41
35,213,C,16,2016/06/09 09:30,2016/07/24 18:37
35,213,C,12,2016/06/09 09:30,2016/06/21 21:09
35,213,C,21,2016/06/09 09:30,2016/09/20 16:50
35,213,C,14,2016/06/09 09:01,2016/08/01 21:14
35,214,C,11,2016/06/09 09:01,2016/07/27 14:39
35,211,C,4,2016/06/09 09:01,2016/08/23 16:25
3,12,C,5,2016/06/09 09:01,2016/10/13 06:12
35,214,C,17,2016/06/09 09:01,2016/07/11 15:16
35,213,C,17,2016/06/09 09:01,2016/09/06 08:27
20,153,C,8,2016/06/09 09:01,2016/09/07 11:28
35,214,C,14,2016/06/09 09:01,2016/08/11 09:10
3,12,C,21,2016/06/09 09:01,2016/09/14 06:26
3,12,C,1,2016/06/09 09:01,2016/08/30 21:29
35,213,C,17,2016/06/09 09:01,2016/09/07 08:27
35,214,C,22,2016/06/09 09:01,2016/07/12 15:48
20,151,C,10,2016/06/09 09:01,2016/09/07 14:13
3,13,C,18,2016/06/09 09:01,2016/07/24 18:33
3,12,C,1,2016/06/09 09:01,2016/07/12 15:43
20,151,C,21,2016/06/09 09:01,2016/09/22 19:56
35,214,C,11,2016/06/09 09:01,2016/08/09 07:39
35,214,C,21,2016/06/09 09:01,2016/07/24 19:05
35,213,C,19,2016/06/09 09:01,2016/07/20 13:48
35,214,C,20,2016/06/07 10:57,2016/07/25 11:00
35,213,C,20,2016/06/07 10:49,2016/06/21 21:08
35,213,C,9,2016/06/02 09:04,2016/08/15 14:32
41,228,C,1,2016/06/01 09:52,2016/06/21 21:17
35,214,C,17,2016/05/31 10:55,2016/06/21 21:15
35,213,C,6,2016/05/31 10:55,2016/08/02 13:44
35,213,C,4,2016/05/31 10:55,2016/07/26 07:04
35,214,C,15,2016/05/31 10:55,2016/06/29 08:52
35,213,C,20,2016/05/31 10:55,2016/06/21 21:03
35,214,C,1,2016/05/31 10:55,2016/08/26 11:33
20,152,C,5,2016/05/31 10:55,2016/08/17 07:28
20,151,C,15,2016/05/31 10:55,2016/08/25 11:49
20,151,C,5,2016/05/31 10:55,2016/07/07 10:00
20,151,C,2,2016/05/31 10:55,2016/07/07 09:58
35,213,C,2,2016/05/18 13:08,2016/07/12 13:31
20,151,C,19,2016/05/18 13:08,2016/07/07 08:39
35,210,C,12,2016/05/18 13:08,2016/06/21 21:16
35,213,C,5,2016/05/18 13:08,2016/07/24 18:38
35,213,C,6,2016/05/18 13:08,2016/08/02 13:31
35,214,C,14,2016/05/04 12:14,2016/06/28 08:50
35,214,C,1,2016/05/04 12:14,2016/08/11 09:11
20,152,C,3,2016/05/04 12:14,2016/06/28 08:50
35,214,C,8,2016/05/04 12:14,2016/06/28 08:49
20,148,C,13,2016/05/04 12:14,2016/06/28 08:48
20,151,C,22,2016/05/04 12:14,2016/08/26 10:22
35,214,C,19,2016/05/04 12:14,2016/08/11 09:10
25,173,C,16,2016/05/04 12:14,2016/09/01 10:58
35,213,C,18,2016/05/04 12:14,2016/08/02 13:25
35,211,C,20,2016/05/04 12:14,2016/08/10 15:22
20,151,C,4,2016/05/04 12:14,2016/06/17 12:07
25,169,C,6,2016/04/28 12:52,2016/06/29 09:03
20,152,C,2,2016/04/07 13:17,2016/07/11 15:19
35,210,C,6,2016/04/07 12:52,2016/06/28 08:47
35,214,C,18,2016/04/07 12:48,2016/08/10 11:24
20,152,C,11,2016/03/24 14:19,2016/06/28 08:44
25,172,C,18,2016/03/24 14:19,2016/07/11 15:20
20,152,C,17,2016/03/24 14:19,2016/08/11 13:51
25,173,C,16,2016/03/24 14:19,2016/06/17 12:07
20,152,C,14,2016/03/24 14:19,2016/09/01 10:56
35,214,C,17,2016/03/24 14:19,2016/06/28 14:39
20,153,C,3,2016/03/18 11:01,2016/09/08 15:47
20,153,C,20,2016/03/18 10:57,2016/09/08 15:52
20,152,C,9,2016/03/18 10:50,2016/06/17 12:08
35,213,C,16,2016/03/15 09:33,2016/09/08 15:53
20,152,C,2,2016/03/15 09:28,2016/06/17 12:08
20,151,C,12,2016/03/15 09:18,2016/09/20 10:53
35,214,C,8,2016/03/07 10:53,2016/07/13 13:30
35,213,C,11,2016/03/01 10:48,2016/07/26 07:00
20,152,C,21,2016/03/01 10:44,2016/06/17 09:46
35,213,C,22,2016/03/01 10:41,2016/08/08 10:33
20,152,C,16,2016/03/01 10:17,2016/06/20 16:09
35,214,C,18,2016/03/01 09:20,2016/06/23 19:49
20,151,C,4,2016/02/24 09:44,2016/06/28 13:56
35,210,C,21,2016/02/24 09:34,2016/06/28 08:45
35,213,C,13,2016/02/24 09:11,2016/07/24 18:34
35,214,C,13,2016/02/24 09:07,2016/09/06 15:03
35,213,C,2,2016/02/23 15:25,2016/06/28 11:08
35,213,C,21,2016/02/23 14:35,2016/08/12 14:01
35,213,C,4,2016/02/23 14:33,2016/08/09 13:29
35,214,C,8,2016/02/23 14:17,2016/06/30 12:12
35,214,C,10,2016/02/23 14:10,2016/07/27 14:39
35,213,C,1,2016/02/23 14:09,2016/06/28 11:09
35,213,C,8,2016/02/23 13:51,2016/10/03 10:35
35,213,C,16,2016/02/23 10:41,2016/08/25 13:50
20,152,C,5,2016/02/15 13:43,2016/09/19 10:49
35,214,C,5,2016/02/15 13:39,2016/07/14 08:16
35,213,C,14,2016/02/15 13:38,2016/07/27 14:40
35,213,C,3,2016/02/15 13:36,2016/07/27 14:40
35,213,C,7,2016/02/12 08:40,2016/09/20 11:39
20,151,C,13,2016/10/03 10:39,2016/10/18 11:27
25,172,C,5,2016/09/21 10:23,2016/10/04 16:20
25,172,C,21,2016/09/07 09:46,2016/09/20 16:52
25,172,C,20,2016/09/07 09:46,2016/09/20 16:52
25,172,C,12,2016/09/07 09:46,2016/09/19 12:42
25,172,C,11,2016/09/07 09:46,2016/09/20 15:43
25,172,C,17,2016/09/07 09:46,2016/09/20 15:43
25,173,C,10,2016/09/07 09:46,2016/09/19 12:43
25,172,C,6,2016/09/07 09:46,2016/09/20 15:43
25,172,C,3,2016/09/07 09:46,2016/09/20 15:43
25,172,C,3,2016/09/07 09:45,2016/09/09 11:59
20,151,C,12,2016/08/23 13:34,2016/09/21 10:32
25,172,C,4,2016/08/16 14:53,2016/09/14 06:21
25,172,C,3,2016/08/16 14:53,2016/09/19 13:08
25,172,C,16,2016/08/16 14:53,2016/10/14 18:32
25,173,C,15,2016/08/16 14:53,2016/09/22 20:42
25,172,C,6,2016/08/16 14:53,2016/10/13 06:21
25,171,C,7,2016/08/16 14:53,2016/09/06 16:57
25,172,C,4,2016/08/16 14:53,2016/09/14 06:21
25,172,C,2,2016/08/03 15:50,2016/08/23 16:58
25,173,C,7,2016/08/03 15:50,2016/10/13 07:52
25,173,C,14,2016/08/03 15:50,2016/08/11 15:27
25,172,C,5,2016/08/03 15:50,2016/09/20 16:25
25,173,C,6,2016/08/03 15:50,2016/09/06 16:59
25,173,C,13,2016/08/03 15:50,2016/09/08 10:26
25,172,C,2,2016/08/03 15:50,2016/09/14 06:26
25,172,C,16,2016/08/03 09:39,2016/08/03 10:33
25,173,C,5,2016/08/03 09:39,2016/08/03 10:32
25,172,C,8,2016/08/03 07:50,2016/09/14 06:23
25,172,C,18,2016/07/28 09:05,2016/09/12 07:32
25,173,C,6,2016/07/26 16:50,2016/09/06 14:51
25,172,C,9,2016/07/26 16:50,2016/09/06 08:30
25,172,C,11,2016/07/26 16:50,2016/09/09 11:58
25,172,C,3,2016/07/26 16:50,2016/08/30 21:28
25,173,C,13,2016/07/26 16:50,2016/09/06 10:15
25,173,C,14,2016/07/26 16:50,2016/08/31 10:33
25,172,C,18,2016/07/26 16:50,2016/09/20 13:06
25,172,C,19,2016/07/26 15:25,2016/09/06 08:30
25,175,C,20,2016/07/26 15:25,2016/09/06 13:51
25,172,C,2,2016/07/26 15:25,2016/10/13 10:19
25,172,C,14,2016/07/26 15:25,2016/09/06 08:33
35,213,C,4,2016/07/20 11:48,2016/07/26 07:00
20,152,C,18,2016/07/20 11:48,2016/09/21 10:19
25,172,C,19,2016/07/20 10:38,2016/09/12 08:04
25,172,C,21,2016/07/19 12:51,2016/10/04 16:23
25,175,C,8,2016/07/19 12:51,2016/09/06 10:44
25,173,C,2,2016/07/19 12:51,2016/09/06 08:34
25,173,C,11,2016/07/19 12:51,2016/10/13 08:54
25,173,C,8,2016/07/19 12:51,2016/09/14 06:24
25,173,C,6,2016/07/19 12:51,2016/09/14 06:29
25,173,C,17,2016/07/19 12:51,2016/09/06 17:00
25,173,C,8,2016/07/19 12:51,2016/09/06 13:51
25,172,C,2,2016/07/19 12:51,2016/08/31 08:43
25,173,C,18,2016/07/19 12:51,2016/09/06 08:27
25,173,C,8,2016/07/19 12:51,2016/09/06 13:51
25,173,C,22,2016/07/15 12:40,2016/09/21 18:47
25,173,C,11,2016/07/15 12:40,2016/09/06 13:51
25,173,C,22,2016/07/15 12:39,2016/10/13 07:51
25,173,C,3,2016/07/15 12:39,2016/09/06 13:51
25,173,C,22,2016/07/15 12:39,2016/09/14 06:29
25,172,C,1,2016/07/15 12:39,2016/10/13 10:02
25,172,C,16,2016/07/15 12:39,2016/09/14 06:21
25,172,C,17,2016/07/15 12:39,2016/09/06 13:50
25,172,C,13,2016/07/15 12:39,2016/09/09 11:57
25,172,C,19,2016/07/15 12:39,2016/10/13 10:23
25,173,C,13,2016/07/15 12:39,2016/09/09 08:49
25,172,C,4,2016/07/15 12:39,2016/09/06 13:50
25,172,C,13,2016/07/15 12:39,2016/09/14 06:22
25,172,C,7,2016/07/15 12:39,2016/09/06 14:52
25,172,C,3,2016/07/15 12:39,2016/09/06 13:51
25,173,C,21,2016/07/15 12:39,2016/09/19 12:44
25,172,C,4,2016/07/15 12:39,2016/09/14 06:22
25,172,C,6,2016/07/15 12:39,2016/09/09 12:17
25,172,C,7,2016/07/15 12:39,2016/09/06 14:50
25,173,C,6,2016/07/15 12:39,2016/09/19 12:49
25,175,C,9,2016/07/15 12:39,2016/09/06 13:50
25,172,C,10,2016/07/15 12:39,2016/09/09 11:58
25,175,C,1,2016/07/15 12:39,2016/09/06 13:50
25,172,C,21,2016/07/15 12:39,2016/10/04 16:23
25,172,C,8,2016/07/15 12:39,2016/09/14 06:25
25,173,C,17,2016/07/15 12:39,2016/09/19 13:07
25,173,C,18,2016/06/14 12:51,2016/07/12 15:47
25,172,C,20,2016/06/14 12:51,2016/08/23 21:22
25,175,C,14,2016/06/09 14:47,2016/09/06 13:50
25,172,C,4,2016/06/09 14:47,2016/10/13 10:23
25,172,C,11,2016/06/09 14:47,2016/07/24 18:36
25,173,C,21,2016/06/09 14:47,2016/07/27 14:40
25,173,C,6,2016/04/19 13:19,2016/06/28 16:19
25,169,C,6,2016/04/06 07:58,2016/06/29 11:41
25,172,C,12,2016/03/11 15:18,2016/07/11 15:20
25,173,C,11,2016/03/11 15:18,2016/06/28 15:12
25,173,C,20,2016/02/26 15:08,2016/09/26 12:21
25,172,C,1,2016/02/25 15:14,2016/09/26 12:20
25,173,C,4,2016/02/25 15:14,2016/07/13 11:18
25,171,C,7,2015/10/15 15:34,2016/07/22 10:05
25,170,C,19,2015/07/30 15:08,2016/07/22 10:07
41,230,C,4,2016/05/11 12:29,2016/08/30 12:25
41,230,C,21,2016/05/11 12:29,2016/08/30 12:25
30,192,C,1,2016/07/26 17:01,2016/09/27 16:32
30,192,C,16,2016/05/09 08:57,2016/08/22 13:35
19,146,C,7,2015/07/14 16:39,2016/07/12 09:50
16,131,C,21,2016/09/23 11:37,2016/09/23 16:11
16,133,C,4,2016/09/23 11:33,2016/09/23 16:11
19,146,C,7,2016/09/21 13:18,2016/09/23 10:17
38,223,C,7,2016/09/21 12:21,2016/09/21 13:39
24,165,C,6,2016/09/20 14:31,2016/09/29 16:07
19,146,C,10,2016/09/15 13:12,2016/09/23 10:24
19,146,C,3,2016/09/15 12:56,2016/09/23 10:16
19,147,C,12,2016/09/15 11:40,2016/09/23 10:24
24,165,C,15,2016/09/09 14:19,2016/09/14 10:57
19,147,C,15,2016/09/02 09:59,2016/09/06 07:15
33,207,C,20,2016/09/02 09:04,2016/09/06 07:16
24,166,C,18,2016/09/01 14:50,2016/09/06 15:35
19,146,C,8,2016/09/01 11:12,2016/09/09 11:04
24,167,C,14,2016/08/30 15:43,2016/09/06 07:20
24,166,C,3,2016/08/30 15:34,2016/09/06 07:20
33,206,C,2,2016/08/30 09:25,2016/09/01 07:58
33,205,C,3,2016/08/30 08:50,2016/09/06 12:05
30,193,C,17,2016/08/29 14:27,2016/09/15 16:02
30,192,C,11,2016/08/26 09:39,2016/09/15 14:51
16,134,C,17,2016/08/26 08:49,2016/09/12 14:07
16,134,C,19,2016/08/26 08:37,2016/09/12 14:07
16,132,C,9,2016/08/26 08:29,2016/08/30 14:33
30,193,C,4,2016/08/25 14:15,2016/09/27 16:30
30,193,C,10,2016/08/25 14:04,2016/09/27 16:31
30,192,C,1,2016/08/25 13:44,2016/09/02 09:31
30,192,C,10,2016/08/25 13:32,2016/09/27 16:31
33,208,C,16,2016/08/25 07:50,2016/08/31 16:28
19,147,C,19,2016/08/22 15:58,2016/08/22 16:24
24,166,C,20,2016/08/19 09:13,2016/09/09 14:53
19,146,C,22,2016/08/19 08:33,2016/08/19 10:13
19,146,C,21,2016/08/19 08:32,2016/08/19 10:22
24,165,C,10,2016/08/18 15:05,2016/09/09 16:04
24,166,C,15,2016/08/18 14:57,2016/09/09 14:31
24,166,C,16,2016/08/18 14:56,2016/08/25 08:14
24,164,C,14,2016/08/17 08:17,2016/08/30 14:15
30,191,C,2,2016/08/16 17:58,2016/08/23 15:03
33,206,C,7,2016/08/15 11:27,2016/08/18 16:33
33,205,C,17,2016/08/13 12:33,2016/08/19 13:03
19,146,C,11,2016/08/13 11:05,2016/09/14 10:56
24,166,C,2,2016/08/12 08:43,2016/08/31 16:10
24,165,C,17,2016/08/12 08:38,2016/09/14 10:56
19,146,C,12,2016/08/11 17:15,2016/08/15 08:02
19,146,C,14,2016/08/11 17:07,2016/08/15 07:56
19,146,C,4,2016/08/11 16:13,2016/08/22 13:36
33,205,C,9,2016/08/11 09:49,2016/08/15 08:00
16,132,C,1,2016/08/11 07:33,2016/09/06 15:34
24,167,C,20,2016/08/10 13:54,2016/09/06 07:17
19,147,C,17,2016/08/09 16:45,2016/08/19 13:01
33,205,C,2,2016/08/08 14:32,2016/08/19 10:29
24,168,C,13,2016/08/08 14:26,2016/08/30 14:15
33,202,C,1,2016/08/08 14:22,2016/08/19 10:29
19,146,C,13,2016/08/08 13:31,2016/08/19 10:28
19,145,C,20,2016/08/08 13:16,2016/08/26 15:27
33,206,C,19,2016/08/08 13:05,2016/08/22 16:24
19,146,C,19,2016/08/05 15:45,2016/08/19 13:02
24,166,C,3,2016/08/04 12:48,2016/09/09 14:27
24,168,C,8,2016/08/04 08:53,2016/08/30 14:31
30,193,C,17,2016/08/03 11:18,2016/09/09 14:30
24,165,C,6,2016/08/01 09:51,2016/08/08 10:20
30,192,C,22,2016/07/30 13:08,2016/08/01 15:06
24,166,C,7,2016/07/29 10:54,2016/08/30 09:56
24,165,C,17,2016/07/28 11:11,2016/09/12 14:06
24,166,C,14,2016/07/26 16:31,2016/09/06 15:33
24,165,C,14,2016/07/26 16:20,2016/08/22 11:11
33,205,C,6,2016/07/26 16:07,2016/09/13 08:14
33,206,C,4,2016/07/13 09:47,2016/08/17 15:54
33,206,C,4,2016/07/13 16:05,2016/07/29 10:46
30,192,C,5,2016/07/26 13:55,2016/08/23 16:28
24,166,C,17,2016/07/26 12:59,2016/09/02 09:26
24,165,C,2,2016/07/26 10:05,2016/09/12 14:06
24,165,C,22,2016/07/25 09:34,2016/10/03 16:29
16,133,C,11,2016/07/22 15:40,2016/08/30 14:34
30,192,C,11,2016/07/22 15:31,2016/08/22 11:12
30,194,C,17,2016/07/22 15:25,2016/08/31 16:26
30,193,C,18,2016/07/22 15:19,2016/09/06 16:28
33,202,C,14,2016/07/21 12:42,2016/07/26 08:48
33,205,C,3,2016/07/13 16:02,2016/08/29 13:07
16,133,C,17,2016/07/20 14:12,2016/07/21 08:11
24,168,C,14,2016/07/20 08:30,2016/08/30 14:16
33,205,C,9,2016/07/18 11:49,2016/07/20 08:07
33,206,C,2,2016/07/15 14:30,2016/10/06 10:12
24,165,C,17,2016/07/14 13:29,2016/08/12 11:46
24,163,C,6,2016/07/14 13:20,2016/07/26 08:20
24,166,C,5,2016/07/14 13:15,2016/09/09 16:03
33,205,C,7,2016/07/13 18:37,2016/07/26 16:06
30,192,C,21,2016/07/12 16:09,2016/09/15 14:58
16,132,C,1,2016/07/11 17:33,2016/08/09 16:46
16,133,C,12,2016/07/11 17:32,2016/09/19 10:56
16,133,C,1,2016/07/11 17:32,2016/08/09 16:46
16,133,C,7,2016/07/11 17:31,2016/07/21 14:48
16,133,C,18,2016/07/11 17:31,2016/09/13 07:52
16,129,C,15,2016/07/11 17:30,2016/07/21 14:48
16,132,C,11,2016/07/11 17:30,2016/07/21 14:47
16,131,C,2,2016/07/11 17:30,2016/09/06 15:35
16,132,C,15,2016/07/11 16:59,2016/07/21 11:16
24,165,C,16,2016/07/11 10:22,2016/08/26 15:35
19,147,C,20,2016/07/11 10:12,2016/08/26 15:30
33,202,C,6,2016/07/11 08:49,2016/07/26 08:49
33,206,C,7,2016/07/11 08:35,2016/07/11 12:52
33,206,C,11,2016/07/11 08:17,2016/07/11 12:52
24,166,C,10,2016/07/08 14:32,2016/09/26 14:11
16,133,C,7,2016/07/08 10:42,2016/07/25 14:08
16,133,C,21,2016/07/08 10:40,2016/07/14 16:10
16,133,C,20,2016/07/08 10:35,2016/07/25 14:08
16,131,C,2,2016/07/08 10:24,2016/07/14 08:32
24,166,C,3,2016/07/07 15:39,2016/07/08 12:27
24,165,C,12,2016/07/07 15:24,2016/09/09 11:05
24,166,C,3,2016/07/07 09:26,2016/09/06 07:20
33,206,C,8,2016/07/07 09:02,2016/08/01 11:15
30,192,C,15,2016/07/05 15:54,2016/07/06 15:14
30,193,C,4,2016/07/05 14:41,2016/09/15 16:02
30,192,C,12,2016/07/05 14:13,2016/07/05 16:53
30,190,C,10,2016/06/10 15:31,2016/07/08 13:08
30,193,C,15,2016/07/05 14:06,2016/07/08 12:28
30,193,C,20,2016/06/30 09:31,2016/07/08 12:29
24,166,C,22,2016/06/29 11:07,2016/09/06 07:15
19,147,C,17,2016/06/28 12:07,2016/09/06 07:44
16,133,C,19,2016/06/28 11:59,2016/09/01 08:05
24,166,C,8,2016/06/28 11:51,2016/09/13 07:08
16,135,C,22,2016/06/27 14:34,2016/08/30 14:33
24,166,C,5,2016/06/24 14:25,2016/09/01 08:04
24,166,C,3,2016/06/24 09:39,2016/09/12 14:07
33,206,C,8,2016/06/24 09:25,2016/06/28 10:22
33,205,C,14,2016/06/24 09:22,2016/07/12 15:33
33,205,C,9,2016/06/24 09:15,2016/07/19 12:58
24,166,C,4,2016/06/23 10:38,2016/07/11 12:53
24,166,C,4,2016/06/23 10:32,2016/08/18 16:31
19,147,C,8,2016/06/23 10:30,2016/10/04 12:12
33,206,C,12,2016/06/23 08:56,2016/07/18 11:39
16,133,C,1,2016/06/22 15:21,2016/07/26 08:50
30,192,C,14,2016/06/22 15:05,2016/07/26 08:16
30,192,C,10,2016/06/22 14:57,2016/08/22 11:11
30,192,C,8,2016/06/22 14:45,2016/08/04 15:49
30,193,C,3,2016/06/22 14:37,2016/06/23 15:54
24,166,C,5,2016/06/22 14:18,2016/09/06 16:28
24,165,C,21,2016/06/22 14:16,2016/09/07 10:47
16,132,C,16,2016/06/22 13:47,2016/09/06 16:29
24,165,C,21,2016/06/22 13:43,2016/08/09 15:49
16,132,C,3,2016/06/22 13:34,2016/08/30 09:56
19,144,C,5,2016/06/01 16:19,2016/06/22 09:43
24,162,C,21,2016/06/22 08:10,2016/06/22 08:11
24,165,C,22,2016/06/21 16:10,2016/08/26 09:21
24,165,C,20,2016/06/21 16:03,2016/08/26 09:22
16,133,C,19,2016/06/21 11:25,2016/09/23 10:31
16,133,C,9,2016/06/21 11:24,2016/09/23 16:10
16,133,C,1,2016/06/20 10:17,2016/07/18 11:40
16,131,C,20,2016/06/20 10:16,2016/07/25 14:09
16,133,C,5,2016/06/20 08:08,2016/09/23 16:11
16,133,C,10,2016/06/20 08:06,2016/07/20 15:03
24,165,C,10,2016/06/20 07:55,2016/07/21 14:34
33,204,C,11,2016/06/19 23:07,2016/08/18 15:43
33,206,C,18,2016/06/19 23:02,2016/07/05 10:00
33,206,C,8,2016/06/19 22:56,2016/07/26 08:49
33,205,C,8,2016/06/19 22:53,2016/07/18 13:07
33,205,C,17,2016/06/19 22:47,2016/08/16 10:21
33,206,C,19,2016/06/19 22:46,2016/07/21 08:12
33,205,C,14,2016/06/19 22:42,2016/07/08 12:26
33,206,C,8,2016/06/19 22:38,2016/07/08 12:26
33,205,C,15,2016/06/19 22:35,2016/06/28 10:24
33,205,C,16,2016/06/19 22:31,2016/07/26 14:47
33,206,C,20,2016/06/19 22:23,2016/07/11 12:53
33,206,C,1,2016/06/19 22:20,2016/09/07 15:29
33,206,C,14,2016/06/19 22:19,2016/07/12 16:19
33,205,C,10,2016/06/19 22:15,2016/07/18 13:07
19,146,C,16,2016/06/19 22:10,2016/08/24 12:34
33,206,C,10,2016/06/19 22:05,2016/07/18 11:41
33,205,C,7,2016/06/19 22:01,2016/08/03 14:43
33,205,C,15,2016/06/19 21:56,2016/07/19 15:32
33,206,C,20,2016/06/19 21:50,2016/07/26 08:49
33,206,C,12,2016/06/19 21:45,2016/09/02 09:34
33,206,C,16,2016/06/19 21:44,2016/07/25 14:07
33,206,C,19,2016/06/19 21:33,2016/08/09 09:05
33,202,C,11,2016/06/19 21:32,2016/07/28 08:57
24,165,C,20,2016/06/17 15:15,2016/07/26 08:17
24,165,C,18,2016/06/17 15:15,2016/07/18 13:23
24,165,C,10,2016/06/17 14:44,2016/08/09 13:52
24,165,C,19,2016/06/17 14:06,2016/08/09 13:53
19,146,C,9,2016/06/17 11:11,2016/07/21 14:33
19,147,C,18,2016/06/17 10:45,2016/06/23 15:54
38,225,C,22,2016/06/17 10:12,2016/10/04 15:03
38,224,C,7,2016/06/17 10:09,2016/10/04 08:20
24,166,C,16,2016/06/16 13:13,2016/09/06 14:39
24,166,C,8,2016/06/16 13:12,2016/09/09 14:26
24,166,C,10,2016/06/16 13:10,2016/08/25 08:13
16,132,C,3,2016/06/16 13:00,2016/08/29 11:38
33,206,C,15,2016/06/16 10:19,2016/06/28 10:22
24,165,C,8,2016/06/16 10:14,2016/08/09 13:54
24,165,C,17,2016/06/16 10:11,2016/08/26 15:33
24,165,C,21,2016/06/16 10:08,2016/08/01 15:04
24,166,C,15,2016/06/16 10:04,2016/08/26 15:32
16,133,C,12,2016/06/15 10:43,2016/07/25 14:08
16,133,C,16,2016/06/15 10:31,2016/09/01 07:59
33,206,C,5,2016/06/14 17:11,2016/07/28 15:36
16,133,C,9,2016/06/14 15:12,2016/06/20 16:08
16,133,C,18,2016/06/10 09:28,2016/09/23 10:30
24,166,C,10,2016/06/06 10:54,2016/06/27 10:00
24,166,C,16,2016/06/06 10:53,2016/06/28 10:22
24,166,C,18,2016/06/09 15:33,2016/09/28 13:24
24,166,C,12,2016/06/09 15:09,2016/06/20 16:08
33,206,C,18,2016/06/09 14:30,2016/06/22 14:55
19,146,C,3,2016/06/09 10:09,2016/08/01 15:07
19,147,C,4,2016/06/09 10:08,2016/06/17 13:49
30,193,C,22,2016/06/06 14:23,2016/07/05 16:52
24,166,C,21,2016/06/06 13:22,2016/09/01 09:48
33,205,C,15,2016/06/06 08:33,2016/07/12 15:32
33,205,C,10,2016/06/03 08:13,2016/07/19 07:56
19,145,C,16,2016/05/26 11:25,2016/09/01 09:37
19,146,C,22,2016/05/26 11:09,2016/08/15 07:59
19,146,C,6,2016/05/26 11:09,2016/06/28 10:23
