Project,Name,Build_Date,End_Date
2247,Project 1,2015-12-01,2015-12-31
2305,Project 2,2015-12-01,2015-12-31
2367,Program 3,2015-12-01,2015-12-31
2392,program 4,2015-12-01,2015-12-31
2433,Program 5,2015-12-01,2015-12-31
2457,Program 6,2015-12-01,2015-12-31
2471,Program 7,2015-12-01,2015-12-31
2517,Program 8,2015-12-01,2015-12-31
2517,Program 8,2015-12-01,2015-12-31
2517,Program 8,2015-12-01,2015-12-31
2517,Program 8,2015-12-01,2015-12-31
2517,Program 8,2015-12-01,2015-12-31
2517,Program 8,2015-12-01,2015-12-31
2517,Program 8,2015-12-01,2015-12-31
2517,Program 8,2015-12-01,2015-12-31
2671,WSMR2,2015-12-01,2015-12-31
